slug,territorio,mese,n_recensioni
bergamo,Bergamo,2011-06,1
bergamo,Bergamo,2011-07,1
bergamo,Bergamo,2012-03,1
bergamo,Bergamo,2012-04,2
bergamo,Bergamo,2012-05,5
bergamo,Bergamo,2012-06,2
bergamo,Bergamo,2012-07,6
bergamo,Bergamo,2012-08,6
bergamo,Bergamo,2012-09,7
bergamo,Bergamo,2012-10,5
bergamo,Bergamo,2012-11,4
bergamo,Bergamo,2012-12,4
bergamo,Bergamo,2013-01,2
bergamo,Bergamo,2013-02,5
bergamo,Bergamo,2013-03,4
bergamo,Bergamo,2013-04,4
bergamo,Bergamo,2013-05,9
bergamo,Bergamo,2013-06,9
bergamo,Bergamo,2013-07,13
bergamo,Bergamo,2013-08,16
bergamo,Bergamo,2013-09,33
bergamo,Bergamo,2013-10,33
bergamo,Bergamo,2013-11,19
bergamo,Bergamo,2013-12,10
bergamo,Bergamo,2014-01,9
bergamo,Bergamo,2014-02,14
bergamo,Bergamo,2014-03,19
bergamo,Bergamo,2014-04,27
bergamo,Bergamo,2014-05,19
bergamo,Bergamo,2014-06,41
bergamo,Bergamo,2014-07,51
bergamo,Bergamo,2014-08,50
bergamo,Bergamo,2014-09,49
bergamo,Bergamo,2014-10,39
bergamo,Bergamo,2014-11,32
bergamo,Bergamo,2014-12,16
bergamo,Bergamo,2015-01,22
bergamo,Bergamo,2015-02,18
bergamo,Bergamo,2015-03,25
bergamo,Bergamo,2015-04,73
bergamo,Bergamo,2015-05,96
bergamo,Bergamo,2015-06,70
bergamo,Bergamo,2015-07,113
bergamo,Bergamo,2015-08,123
bergamo,Bergamo,2015-09,118
bergamo,Bergamo,2015-10,97
bergamo,Bergamo,2015-11,65
bergamo,Bergamo,2015-12,53
bergamo,Bergamo,2016-01,57
bergamo,Bergamo,2016-02,52
bergamo,Bergamo,2016-03,83
bergamo,Bergamo,2016-04,129
bergamo,Bergamo,2016-05,181
bergamo,Bergamo,2016-06,263
bergamo,Bergamo,2016-07,334
bergamo,Bergamo,2016-08,336
bergamo,Bergamo,2016-09,253
bergamo,Bergamo,2016-10,223
bergamo,Bergamo,2016-11,139
bergamo,Bergamo,2016-12,134
bergamo,Bergamo,2017-01,136
bergamo,Bergamo,2017-02,142
bergamo,Bergamo,2017-03,185
bergamo,Bergamo,2017-04,345
bergamo,Bergamo,2017-05,366
bergamo,Bergamo,2017-06,371
bergamo,Bergamo,2017-07,539
bergamo,Bergamo,2017-08,549
bergamo,Bergamo,2017-09,460
bergamo,Bergamo,2017-10,434
bergamo,Bergamo,2017-11,298
bergamo,Bergamo,2017-12,221
bergamo,Bergamo,2018-01,255
bergamo,Bergamo,2018-02,275
bergamo,Bergamo,2018-03,341
bergamo,Bergamo,2018-04,589
bergamo,Bergamo,2018-05,588
bergamo,Bergamo,2018-06,579
bergamo,Bergamo,2018-07,713
bergamo,Bergamo,2018-08,678
bergamo,Bergamo,2018-09,715
bergamo,Bergamo,2018-10,627
bergamo,Bergamo,2018-11,379
bergamo,Bergamo,2018-12,323
bergamo,Bergamo,2019-01,402
bergamo,Bergamo,2019-02,386
bergamo,Bergamo,2019-03,477
bergamo,Bergamo,2019-04,812
bergamo,Bergamo,2019-05,775
bergamo,Bergamo,2019-06,809
bergamo,Bergamo,2019-07,972
bergamo,Bergamo,2019-08,967
bergamo,Bergamo,2019-09,1016
bergamo,Bergamo,2019-10,925
bergamo,Bergamo,2019-11,668
bergamo,Bergamo,2019-12,597
bergamo,Bergamo,2020-01,634
bergamo,Bergamo,2020-02,650
bergamo,Bergamo,2020-03,78
bergamo,Bergamo,2020-04,8
bergamo,Bergamo,2020-05,26
bergamo,Bergamo,2020-06,142
bergamo,Bergamo,2020-07,353
bergamo,Bergamo,2020-08,624
bergamo,Bergamo,2020-09,511
bergamo,Bergamo,2020-10,381
bergamo,Bergamo,2020-11,125
bergamo,Bergamo,2020-12,153
bergamo,Bergamo,2021-01,133
bergamo,Bergamo,2021-02,245
bergamo,Bergamo,2021-03,102
bergamo,Bergamo,2021-04,134
bergamo,Bergamo,2021-05,307
bergamo,Bergamo,2021-06,493
bergamo,Bergamo,2021-07,1007
bergamo,Bergamo,2021-08,1354
bergamo,Bergamo,2021-09,1130
bergamo,Bergamo,2021-10,993
bergamo,Bergamo,2021-11,878
bergamo,Bergamo,2021-12,704
bergamo,Bergamo,2022-01,629
bergamo,Bergamo,2022-02,700
bergamo,Bergamo,2022-03,970
bergamo,Bergamo,2022-04,1403
bergamo,Bergamo,2022-05,1475
bergamo,Bergamo,2022-06,1605
bergamo,Bergamo,2022-07,1868
bergamo,Bergamo,2022-08,1943
bergamo,Bergamo,2022-09,1770
bergamo,Bergamo,2022-10,1443
bergamo,Bergamo,2022-11,1100
bergamo,Bergamo,2022-12,817
bergamo,Bergamo,2023-01,1056
bergamo,Bergamo,2023-02,1080
bergamo,Bergamo,2023-03,1330
bergamo,Bergamo,2023-04,2187
bergamo,Bergamo,2023-05,2322
bergamo,Bergamo,2023-06,2194
bergamo,Bergamo,2023-07,2640
bergamo,Bergamo,2023-08,2630
bergamo,Bergamo,2023-09,2542
bergamo,Bergamo,2023-10,2350
bergamo,Bergamo,2023-11,1446
bergamo,Bergamo,2023-12,1255
bergamo,Bergamo,2024-01,1372
bergamo,Bergamo,2024-02,1358
bergamo,Bergamo,2024-03,1739
bergamo,Bergamo,2024-04,2823
bergamo,Bergamo,2024-05,3123
bergamo,Bergamo,2024-06,2928
bergamo,Bergamo,2024-07,3398
bergamo,Bergamo,2024-08,3568
bergamo,Bergamo,2024-09,3536
bergamo,Bergamo,2024-10,3028
bergamo,Bergamo,2024-11,1784
bergamo,Bergamo,2024-12,1484
bergamo,Bergamo,2025-01,1641
bergamo,Bergamo,2025-02,1585
bergamo,Bergamo,2025-03,1944
bergamo,Bergamo,2025-04,3384
bergamo,Bergamo,2025-05,3327
bergamo,Bergamo,2025-06,3714
bergamo,Bergamo,2025-07,4041
bergamo,Bergamo,2025-08,4294
bergamo,Bergamo,2025-09,3851
bergamo,Bergamo,2025-10,3339
bergamo,Bergamo,2025-11,2103
bergamo,Bergamo,2025-12,1902
bergamo,Bergamo,2026-01,2033
bergamo,Bergamo,2026-02,2528
bergamo,Bergamo,2026-03,2629
bergamo,Bergamo,2026-04,4201
bergamo,Bergamo,2026-05,4460
bergamo,Bergamo,2026-06,3573
bologna,Bologna,2010-09,1
bologna,Bologna,2010-11,1
bologna,Bologna,2011-01,1
bologna,Bologna,2011-03,1
bologna,Bologna,2011-06,1
bologna,Bologna,2011-07,3
bologna,Bologna,2011-10,2
bologna,Bologna,2012-03,5
bologna,Bologna,2012-04,4
bologna,Bologna,2012-05,7
bologna,Bologna,2012-06,4
bologna,Bologna,2012-07,7
bologna,Bologna,2012-08,3
bologna,Bologna,2012-09,6
bologna,Bologna,2012-10,7
bologna,Bologna,2012-11,2
bologna,Bologna,2012-12,5
bologna,Bologna,2013-01,10
bologna,Bologna,2013-02,7
bologna,Bologna,2013-03,41
bologna,Bologna,2013-04,39
bologna,Bologna,2013-05,47
bologna,Bologna,2013-06,42
bologna,Bologna,2013-07,31
bologna,Bologna,2013-08,44
bologna,Bologna,2013-09,70
bologna,Bologna,2013-10,85
bologna,Bologna,2013-11,38
bologna,Bologna,2013-12,26
bologna,Bologna,2014-01,34
bologna,Bologna,2014-02,40
bologna,Bologna,2014-03,112
bologna,Bologna,2014-04,109
bologna,Bologna,2014-05,90
bologna,Bologna,2014-06,96
bologna,Bologna,2014-07,124
bologna,Bologna,2014-08,99
bologna,Bologna,2014-09,165
bologna,Bologna,2014-10,192
bologna,Bologna,2014-11,148
bologna,Bologna,2014-12,110
bologna,Bologna,2015-01,99
bologna,Bologna,2015-02,102
bologna,Bologna,2015-03,186
bologna,Bologna,2015-04,223
bologna,Bologna,2015-05,304
bologna,Bologna,2015-06,258
bologna,Bologna,2015-07,335
bologna,Bologna,2015-08,318
bologna,Bologna,2015-09,418
bologna,Bologna,2015-10,455
bologna,Bologna,2015-11,304
bologna,Bologna,2015-12,226
bologna,Bologna,2016-01,247
bologna,Bologna,2016-02,278
bologna,Bologna,2016-03,402
bologna,Bologna,2016-04,516
bologna,Bologna,2016-05,569
bologna,Bologna,2016-06,464
bologna,Bologna,2016-07,547
bologna,Bologna,2016-08,467
bologna,Bologna,2016-09,831
bologna,Bologna,2016-10,848
bologna,Bologna,2016-11,662
bologna,Bologna,2016-12,467
bologna,Bologna,2017-01,513
bologna,Bologna,2017-02,466
bologna,Bologna,2017-03,774
bologna,Bologna,2017-04,1012
bologna,Bologna,2017-05,1100
bologna,Bologna,2017-06,920
bologna,Bologna,2017-07,916
bologna,Bologna,2017-08,693
bologna,Bologna,2017-09,1054
bologna,Bologna,2017-10,1097
bologna,Bologna,2017-11,750
bologna,Bologna,2017-12,630
bologna,Bologna,2018-01,661
bologna,Bologna,2018-02,799
bologna,Bologna,2018-03,1195
bologna,Bologna,2018-04,1360
bologna,Bologna,2018-05,1246
bologna,Bologna,2018-06,1225
bologna,Bologna,2018-07,1215
bologna,Bologna,2018-08,965
bologna,Bologna,2018-09,1488
bologna,Bologna,2018-10,1523
bologna,Bologna,2018-11,1284
bologna,Bologna,2018-12,883
bologna,Bologna,2019-01,951
bologna,Bologna,2019-02,1061
bologna,Bologna,2019-03,1691
bologna,Bologna,2019-04,2030
bologna,Bologna,2019-05,2029
bologna,Bologna,2019-06,1862
bologna,Bologna,2019-07,1791
bologna,Bologna,2019-08,1481
bologna,Bologna,2019-09,2288
bologna,Bologna,2019-10,2219
bologna,Bologna,2019-11,1677
bologna,Bologna,2019-12,1342
bologna,Bologna,2020-01,1406
bologna,Bologna,2020-02,1412
bologna,Bologna,2020-03,233
bologna,Bologna,2020-04,27
bologna,Bologna,2020-05,86
bologna,Bologna,2020-06,346
bologna,Bologna,2020-07,771
bologna,Bologna,2020-08,1156
bologna,Bologna,2020-09,1277
bologna,Bologna,2020-10,1083
bologna,Bologna,2020-11,312
bologna,Bologna,2020-12,301
bologna,Bologna,2021-01,267
bologna,Bologna,2021-02,334
bologna,Bologna,2021-03,202
bologna,Bologna,2021-04,243
bologna,Bologna,2021-05,775
bologna,Bologna,2021-06,980
bologna,Bologna,2021-07,1722
bologna,Bologna,2021-08,2097
bologna,Bologna,2021-09,2283
bologna,Bologna,2021-10,2262
bologna,Bologna,2021-11,2089
bologna,Bologna,2021-12,1663
bologna,Bologna,2022-01,1231
bologna,Bologna,2022-02,1494
bologna,Bologna,2022-03,2384
bologna,Bologna,2022-04,3021
bologna,Bologna,2022-05,3512
bologna,Bologna,2022-06,3690
bologna,Bologna,2022-07,3798
bologna,Bologna,2022-08,2781
bologna,Bologna,2022-09,3880
bologna,Bologna,2022-10,3824
bologna,Bologna,2022-11,2546
bologna,Bologna,2022-12,1776
bologna,Bologna,2023-01,2097
bologna,Bologna,2023-02,2173
bologna,Bologna,2023-03,3670
bologna,Bologna,2023-04,4278
bologna,Bologna,2023-05,4942
bologna,Bologna,2023-06,4803
bologna,Bologna,2023-07,4695
bologna,Bologna,2023-08,3300
bologna,Bologna,2023-09,5216
bologna,Bologna,2023-10,5413
bologna,Bologna,2023-11,3117
bologna,Bologna,2023-12,2574
bologna,Bologna,2024-01,2529
bologna,Bologna,2024-02,2770
bologna,Bologna,2024-03,4293
bologna,Bologna,2024-04,5886
bologna,Bologna,2024-05,6400
bologna,Bologna,2024-06,5703
bologna,Bologna,2024-07,5006
bologna,Bologna,2024-08,3985
bologna,Bologna,2024-09,6061
bologna,Bologna,2024-10,5859
bologna,Bologna,2024-11,4172
bologna,Bologna,2024-12,2788
bologna,Bologna,2025-01,3177
bologna,Bologna,2025-02,3304
bologna,Bologna,2025-03,4880
bologna,Bologna,2025-04,6809
bologna,Bologna,2025-05,7082
bologna,Bologna,2025-06,6741
bologna,Bologna,2025-07,5431
bologna,Bologna,2025-08,4370
bologna,Bologna,2025-09,6586
bologna,Bologna,2025-10,6971
bologna,Bologna,2025-11,5878
bologna,Bologna,2025-12,3078
bologna,Bologna,2026-01,3347
bologna,Bologna,2026-02,4130
bologna,Bologna,2026-03,5707
bologna,Bologna,2026-04,7834
bologna,Bologna,2026-05,8489
bologna,Bologna,2026-06,5466
bologna,Bologna,2026-07,2
florence,Firenze,2010-06,2
florence,Firenze,2010-07,2
florence,Firenze,2010-09,9
florence,Firenze,2010-10,12
florence,Firenze,2010-11,7
florence,Firenze,2010-12,2
florence,Firenze,2011-01,9
florence,Firenze,2011-02,5
florence,Firenze,2011-03,9
florence,Firenze,2011-04,27
florence,Firenze,2011-05,31
florence,Firenze,2011-06,34
florence,Firenze,2011-07,30
florence,Firenze,2011-08,23
florence,Firenze,2011-09,51
florence,Firenze,2011-10,51
florence,Firenze,2011-11,18
florence,Firenze,2011-12,17
florence,Firenze,2012-01,24
florence,Firenze,2012-02,10
florence,Firenze,2012-03,26
florence,Firenze,2012-04,78
florence,Firenze,2012-05,131
florence,Firenze,2012-06,147
florence,Firenze,2012-07,164
florence,Firenze,2012-08,119
florence,Firenze,2012-09,191
florence,Firenze,2012-10,205
florence,Firenze,2012-11,88
florence,Firenze,2012-12,47
florence,Firenze,2013-01,98
florence,Firenze,2013-02,47
florence,Firenze,2013-03,121
florence,Firenze,2013-04,267
florence,Firenze,2013-05,366
florence,Firenze,2013-06,412
florence,Firenze,2013-07,464
florence,Firenze,2013-08,377
florence,Firenze,2013-09,534
florence,Firenze,2013-10,541
florence,Firenze,2013-11,287
florence,Firenze,2013-12,260
florence,Firenze,2014-01,297
florence,Firenze,2014-02,181
florence,Firenze,2014-03,328
florence,Firenze,2014-04,661
florence,Firenze,2014-05,882
florence,Firenze,2014-06,925
florence,Firenze,2014-07,965
florence,Firenze,2014-08,983
florence,Firenze,2014-09,1228
florence,Firenze,2014-10,1260
florence,Firenze,2014-11,618
florence,Firenze,2014-12,609
florence,Firenze,2015-01,733
florence,Firenze,2015-02,498
florence,Firenze,2015-03,807
florence,Firenze,2015-04,1668
florence,Firenze,2015-05,2192
florence,Firenze,2015-06,2347
florence,Firenze,2015-07,2397
florence,Firenze,2015-08,2207
florence,Firenze,2015-09,2680
florence,Firenze,2015-10,2562
florence,Firenze,2015-11,1203
florence,Firenze,2015-12,1214
florence,Firenze,2016-01,1480
florence,Firenze,2016-02,1099
florence,Firenze,2016-03,1767
florence,Firenze,2016-04,2686
florence,Firenze,2016-05,3490
florence,Firenze,2016-06,3514
florence,Firenze,2016-07,3817
florence,Firenze,2016-08,3456
florence,Firenze,2016-09,4295
florence,Firenze,2016-10,4055
florence,Firenze,2016-11,2215
florence,Firenze,2016-12,1865
florence,Firenze,2017-01,2369
florence,Firenze,2017-02,1721
florence,Firenze,2017-03,2603
florence,Firenze,2017-04,4898
florence,Firenze,2017-05,5501
florence,Firenze,2017-06,6096
florence,Firenze,2017-07,5739
florence,Firenze,2017-08,4828
florence,Firenze,2017-09,5851
florence,Firenze,2017-10,5304
florence,Firenze,2017-11,2777
florence,Firenze,2017-12,2466
florence,Firenze,2018-01,3126
florence,Firenze,2018-02,2237
florence,Firenze,2018-03,3649
florence,Firenze,2018-04,5574
florence,Firenze,2018-05,6740
florence,Firenze,2018-06,7332
florence,Firenze,2018-07,6873
florence,Firenze,2018-08,5717
florence,Firenze,2018-09,7327
florence,Firenze,2018-10,7020
florence,Firenze,2018-11,4008
florence,Firenze,2018-12,2955
florence,Firenze,2019-01,3773
florence,Firenze,2019-02,2939
florence,Firenze,2019-03,4785
florence,Firenze,2019-04,7459
florence,Firenze,2019-05,8725
florence,Firenze,2019-06,9872
florence,Firenze,2019-07,8383
florence,Firenze,2019-08,7222
florence,Firenze,2019-09,9531
florence,Firenze,2019-10,9205
florence,Firenze,2019-11,4903
florence,Firenze,2019-12,3831
florence,Firenze,2020-01,4795
florence,Firenze,2020-02,3485
florence,Firenze,2020-03,699
florence,Firenze,2020-04,24
florence,Firenze,2020-05,59
florence,Firenze,2020-06,529
florence,Firenze,2020-07,1631
florence,Firenze,2020-08,3069
florence,Firenze,2020-09,2751
florence,Firenze,2020-10,1984
florence,Firenze,2020-11,347
florence,Firenze,2020-12,216
florence,Firenze,2021-01,262
florence,Firenze,2021-02,357
florence,Firenze,2021-03,305
florence,Firenze,2021-04,287
florence,Firenze,2021-05,1595
florence,Firenze,2021-06,2468
florence,Firenze,2021-07,5282
florence,Firenze,2021-08,7501
florence,Firenze,2021-09,6388
florence,Firenze,2021-10,6295
florence,Firenze,2021-11,5069
florence,Firenze,2021-12,3782
florence,Firenze,2022-01,3266
florence,Firenze,2022-02,3159
florence,Firenze,2022-03,5565
florence,Firenze,2022-04,9420
florence,Firenze,2022-05,11509
florence,Firenze,2022-06,13458
florence,Firenze,2022-07,13777
florence,Firenze,2022-08,12416
florence,Firenze,2022-09,14035
florence,Firenze,2022-10,13139
florence,Firenze,2022-11,7748
florence,Firenze,2022-12,5805
florence,Firenze,2023-01,6581
florence,Firenze,2023-02,5892
florence,Firenze,2023-03,9343
florence,Firenze,2023-04,14963
florence,Firenze,2023-05,17689
florence,Firenze,2023-06,18637
florence,Firenze,2023-07,17598
florence,Firenze,2023-08,14627
florence,Firenze,2023-09,19619
florence,Firenze,2023-10,18578
florence,Firenze,2023-11,9487
florence,Firenze,2023-12,6904
florence,Firenze,2024-01,7369
florence,Firenze,2024-02,7216
florence,Firenze,2024-03,11817
florence,Firenze,2024-04,18302
florence,Firenze,2024-05,23126
florence,Firenze,2024-06,22967
florence,Firenze,2024-07,19215
florence,Firenze,2024-08,15540
florence,Firenze,2024-09,23307
florence,Firenze,2024-10,22878
florence,Firenze,2024-11,11896
florence,Firenze,2024-12,8213
florence,Firenze,2025-01,9115
florence,Firenze,2025-02,8244
florence,Firenze,2025-03,13266
florence,Firenze,2025-04,21111
florence,Firenze,2025-05,25325
florence,Firenze,2025-06,25901
florence,Firenze,2025-07,19316
florence,Firenze,2025-08,16509
florence,Firenze,2025-09,25424
florence,Firenze,2025-10,26147
florence,Firenze,2025-11,12710
florence,Firenze,2025-12,10052
florence,Firenze,2026-01,10541
florence,Firenze,2026-02,10162
florence,Firenze,2026-03,15446
florence,Firenze,2026-04,24181
florence,Firenze,2026-05,30450
florence,Firenze,2026-06,18403
florence,Firenze,2026-07,11
milan,Milano,2010-12,1
milan,Milano,2011-05,3
milan,Milano,2011-06,1
milan,Milano,2011-07,6
milan,Milano,2011-08,3
milan,Milano,2011-09,21
milan,Milano,2011-10,17
milan,Milano,2011-11,8
milan,Milano,2011-12,13
milan,Milano,2012-01,12
milan,Milano,2012-02,14
milan,Milano,2012-03,17
milan,Milano,2012-04,36
milan,Milano,2012-05,29
milan,Milano,2012-06,30
milan,Milano,2012-07,39
milan,Milano,2012-08,26
milan,Milano,2012-09,75
milan,Milano,2012-10,59
milan,Milano,2012-11,49
milan,Milano,2012-12,33
milan,Milano,2013-01,44
milan,Milano,2013-02,34
milan,Milano,2013-03,63
milan,Milano,2013-04,138
milan,Milano,2013-05,89
milan,Milano,2013-06,121
milan,Milano,2013-07,111
milan,Milano,2013-08,66
milan,Milano,2013-09,174
milan,Milano,2013-10,192
milan,Milano,2013-11,140
milan,Milano,2013-12,114
milan,Milano,2014-01,131
milan,Milano,2014-02,127
milan,Milano,2014-03,216
milan,Milano,2014-04,325
milan,Milano,2014-05,328
milan,Milano,2014-06,320
milan,Milano,2014-07,336
milan,Milano,2014-08,236
milan,Milano,2014-09,534
milan,Milano,2014-10,427
milan,Milano,2014-11,356
milan,Milano,2014-12,296
milan,Milano,2015-01,285
milan,Milano,2015-02,404
milan,Milano,2015-03,564
milan,Milano,2015-04,992
milan,Milano,2015-05,1330
milan,Milano,2015-06,1336
milan,Milano,2015-07,1340
milan,Milano,2015-08,1222
milan,Milano,2015-09,2174
milan,Milano,2015-10,2859
milan,Milano,2015-11,1144
milan,Milano,2015-12,742
milan,Milano,2016-01,798
milan,Milano,2016-02,1086
milan,Milano,2016-03,1185
milan,Milano,2016-04,1767
milan,Milano,2016-05,1913
milan,Milano,2016-06,1494
milan,Milano,2016-07,1847
milan,Milano,2016-08,1277
milan,Milano,2016-09,2263
milan,Milano,2016-10,2251
milan,Milano,2016-11,1612
milan,Milano,2016-12,1309
milan,Milano,2017-01,1571
milan,Milano,2017-02,1877
milan,Milano,2017-03,1750
milan,Milano,2017-04,2880
milan,Milano,2017-05,2605
milan,Milano,2017-06,2589
milan,Milano,2017-07,2661
milan,Milano,2017-08,1910
milan,Milano,2017-09,3458
milan,Milano,2017-10,3259
milan,Milano,2017-11,2266
milan,Milano,2017-12,1884
milan,Milano,2018-01,2154
milan,Milano,2018-02,2569
milan,Milano,2018-03,2839
milan,Milano,2018-04,3787
milan,Milano,2018-05,3422
milan,Milano,2018-06,3346
milan,Milano,2018-07,3461
milan,Milano,2018-08,2444
milan,Milano,2018-09,4255
milan,Milano,2018-10,4116
milan,Milano,2018-11,3220
milan,Milano,2018-12,2775
milan,Milano,2019-01,2955
milan,Milano,2019-02,3328
milan,Milano,2019-03,3895
milan,Milano,2019-04,5163
milan,Milano,2019-05,4984
milan,Milano,2019-06,5344
milan,Milano,2019-07,4808
milan,Milano,2019-08,3123
milan,Milano,2019-09,5846
milan,Milano,2019-10,5976
milan,Milano,2019-11,4633
milan,Milano,2019-12,3885
milan,Milano,2020-01,4000
milan,Milano,2020-02,4276
milan,Milano,2020-03,371
milan,Milano,2020-04,63
milan,Milano,2020-05,157
milan,Milano,2020-06,486
milan,Milano,2020-07,1194
milan,Milano,2020-08,1645
milan,Milano,2020-09,2253
milan,Milano,2020-10,1942
milan,Milano,2020-11,551
milan,Milano,2020-12,641
milan,Milano,2021-01,758
milan,Milano,2021-02,981
milan,Milano,2021-03,915
milan,Milano,2021-04,818
milan,Milano,2021-05,1669
milan,Milano,2021-06,2250
milan,Milano,2021-07,4061
milan,Milano,2021-08,4551
milan,Milano,2021-09,5474
milan,Milano,2021-10,5835
milan,Milano,2021-11,5726
milan,Milano,2021-12,4881
milan,Milano,2022-01,3594
milan,Milano,2022-02,4645
milan,Milano,2022-03,6084
milan,Milano,2022-04,7939
milan,Milano,2022-05,9811
milan,Milano,2022-06,11549
milan,Milano,2022-07,10802
milan,Milano,2022-08,8487
milan,Milano,2022-09,12868
milan,Milano,2022-10,11893
milan,Milano,2022-11,9241
milan,Milano,2022-12,6808
milan,Milano,2023-01,7627
milan,Milano,2023-02,9651
milan,Milano,2023-03,10320
milan,Milano,2023-04,15045
milan,Milano,2023-05,17503
milan,Milano,2023-06,18451
milan,Milano,2023-07,16940
milan,Milano,2023-08,11206
milan,Milano,2023-09,18979
milan,Milano,2023-10,18081
milan,Milano,2023-11,12571
milan,Milano,2023-12,9710
milan,Milano,2024-01,9895
milan,Milano,2024-02,12844
milan,Milano,2024-03,13942
milan,Milano,2024-04,20444
milan,Milano,2024-05,22541
milan,Milano,2024-06,22802
milan,Milano,2024-07,22166
milan,Milano,2024-08,14874
milan,Milano,2024-09,24663
milan,Milano,2024-10,25323
milan,Milano,2024-11,17578
milan,Milano,2024-12,13901
milan,Milano,2025-01,13323
milan,Milano,2025-02,15594
milan,Milano,2025-03,17735
milan,Milano,2025-04,26440
milan,Milano,2025-05,29500
milan,Milano,2025-06,30319
milan,Milano,2025-07,25693
milan,Milano,2025-08,20888
milan,Milano,2025-09,31335
milan,Milano,2025-10,31591
milan,Milano,2025-11,23388
milan,Milano,2025-12,18217
milan,Milano,2026-01,18155
milan,Milano,2026-02,27705
milan,Milano,2026-03,23694
milan,Milano,2026-04,32470
milan,Milano,2026-05,36863
milan,Milano,2026-06,19562
milan,Milano,2026-07,11
naples,Napoli,2010-08,1
naples,Napoli,2011-04,1
naples,Napoli,2011-06,2
naples,Napoli,2011-07,2
naples,Napoli,2011-08,2
naples,Napoli,2011-09,4
naples,Napoli,2011-10,8
naples,Napoli,2011-11,5
naples,Napoli,2011-12,5
naples,Napoli,2012-01,3
naples,Napoli,2012-02,5
naples,Napoli,2012-03,7
naples,Napoli,2012-04,9
naples,Napoli,2012-05,15
naples,Napoli,2012-06,11
naples,Napoli,2012-07,12
naples,Napoli,2012-08,13
naples,Napoli,2012-09,24
naples,Napoli,2012-10,20
naples,Napoli,2012-11,14
naples,Napoli,2012-12,11
naples,Napoli,2013-01,16
naples,Napoli,2013-02,6
naples,Napoli,2013-03,27
naples,Napoli,2013-04,45
naples,Napoli,2013-05,71
naples,Napoli,2013-06,61
naples,Napoli,2013-07,67
naples,Napoli,2013-08,61
naples,Napoli,2013-09,60
naples,Napoli,2013-10,73
naples,Napoli,2013-11,35
naples,Napoli,2013-12,26
naples,Napoli,2014-01,41
naples,Napoli,2014-02,35
naples,Napoli,2014-03,59
naples,Napoli,2014-04,111
naples,Napoli,2014-05,144
naples,Napoli,2014-06,117
naples,Napoli,2014-07,196
naples,Napoli,2014-08,272
naples,Napoli,2014-09,231
naples,Napoli,2014-10,247
naples,Napoli,2014-11,148
naples,Napoli,2014-12,145
naples,Napoli,2015-01,146
naples,Napoli,2015-02,127
naples,Napoli,2015-03,221
naples,Napoli,2015-04,370
naples,Napoli,2015-05,451
naples,Napoli,2015-06,422
naples,Napoli,2015-07,529
naples,Napoli,2015-08,576
naples,Napoli,2015-09,541
naples,Napoli,2015-10,506
naples,Napoli,2015-11,264
naples,Napoli,2015-12,279
naples,Napoli,2016-01,300
naples,Napoli,2016-02,300
naples,Napoli,2016-03,471
naples,Napoli,2016-04,669
naples,Napoli,2016-05,839
naples,Napoli,2016-06,850
naples,Napoli,2016-07,973
naples,Napoli,2016-08,1041
naples,Napoli,2016-09,999
naples,Napoli,2016-10,939
naples,Napoli,2016-11,535
naples,Napoli,2016-12,508
naples,Napoli,2017-01,565
naples,Napoli,2017-02,464
naples,Napoli,2017-03,621
naples,Napoli,2017-04,1269
naples,Napoli,2017-05,1469
naples,Napoli,2017-06,1425
naples,Napoli,2017-07,1578
naples,Napoli,2017-08,1583
naples,Napoli,2017-09,1644
naples,Napoli,2017-10,1543
naples,Napoli,2017-11,913
naples,Napoli,2017-12,929
naples,Napoli,2018-01,1028
naples,Napoli,2018-02,935
naples,Napoli,2018-03,1321
naples,Napoli,2018-04,1916
naples,Napoli,2018-05,2086
naples,Napoli,2018-06,2022
naples,Napoli,2018-07,2308
naples,Napoli,2018-08,2316
naples,Napoli,2018-09,2462
naples,Napoli,2018-10,2281
naples,Napoli,2018-11,1456
naples,Napoli,2018-12,1268
naples,Napoli,2019-01,1378
naples,Napoli,2019-02,1287
naples,Napoli,2019-03,1922
naples,Napoli,2019-04,3116
naples,Napoli,2019-05,3269
naples,Napoli,2019-06,3414
naples,Napoli,2019-07,3578
naples,Napoli,2019-08,3350
naples,Napoli,2019-09,3646
naples,Napoli,2019-10,3332
naples,Napoli,2019-11,2021
naples,Napoli,2019-12,1676
naples,Napoli,2020-01,1905
naples,Napoli,2020-02,1905
naples,Napoli,2020-03,524
naples,Napoli,2020-04,15
naples,Napoli,2020-05,29
naples,Napoli,2020-06,286
naples,Napoli,2020-07,1225
naples,Napoli,2020-08,2466
naples,Napoli,2020-09,1807
naples,Napoli,2020-10,952
naples,Napoli,2020-11,111
naples,Napoli,2020-12,77
naples,Napoli,2021-01,121
naples,Napoli,2021-02,148
naples,Napoli,2021-03,123
naples,Napoli,2021-04,133
naples,Napoli,2021-05,622
naples,Napoli,2021-06,1437
naples,Napoli,2021-07,3309
naples,Napoli,2021-08,4515
naples,Napoli,2021-09,3867
naples,Napoli,2021-10,3637
naples,Napoli,2021-11,2818
naples,Napoli,2021-12,2210
naples,Napoli,2022-01,1861
naples,Napoli,2022-02,2013
naples,Napoli,2022-03,3184
naples,Napoli,2022-04,4946
naples,Napoli,2022-05,5880
naples,Napoli,2022-06,6158
naples,Napoli,2022-07,6571
naples,Napoli,2022-08,6339
naples,Napoli,2022-09,6676
naples,Napoli,2022-10,6018
naples,Napoli,2022-11,3752
naples,Napoli,2022-12,3016
naples,Napoli,2023-01,3397
naples,Napoli,2023-02,3194
naples,Napoli,2023-03,4673
naples,Napoli,2023-04,6952
naples,Napoli,2023-05,8404
naples,Napoli,2023-06,8379
naples,Napoli,2023-07,8270
naples,Napoli,2023-08,7760
naples,Napoli,2023-09,9056
naples,Napoli,2023-10,8358
naples,Napoli,2023-11,4128
naples,Napoli,2023-12,3391
naples,Napoli,2024-01,3658
naples,Napoli,2024-02,3814
naples,Napoli,2024-03,5175
naples,Napoli,2024-04,8902
naples,Napoli,2024-05,10336
naples,Napoli,2024-06,9904
naples,Napoli,2024-07,9266
naples,Napoli,2024-08,8819
naples,Napoli,2024-09,10257
naples,Napoli,2024-10,9816
naples,Napoli,2024-11,4870
naples,Napoli,2024-12,3571
naples,Napoli,2025-01,4310
naples,Napoli,2025-02,4225
naples,Napoli,2025-03,6083
naples,Napoli,2025-04,10225
naples,Napoli,2025-05,11643
naples,Napoli,2025-06,12284
naples,Napoli,2025-07,10149
naples,Napoli,2025-08,10022
naples,Napoli,2025-09,12411
naples,Napoli,2025-10,12027
naples,Napoli,2025-11,6096
naples,Napoli,2025-12,4594
naples,Napoli,2026-01,4890
naples,Napoli,2026-02,4940
naples,Napoli,2026-03,7086
naples,Napoli,2026-04,11621
naples,Napoli,2026-05,13727
naples,Napoli,2026-06,8299
naples,Napoli,2026-07,5
puglia,Puglia,2011-05,1
puglia,Puglia,2011-07,1
puglia,Puglia,2011-08,6
puglia,Puglia,2011-09,1
puglia,Puglia,2011-10,4
puglia,Puglia,2011-11,2
puglia,Puglia,2012-01,1
puglia,Puglia,2012-03,3
puglia,Puglia,2012-04,9
puglia,Puglia,2012-05,9
puglia,Puglia,2012-06,11
puglia,Puglia,2012-07,25
puglia,Puglia,2012-08,37
puglia,Puglia,2012-09,34
puglia,Puglia,2012-10,20
puglia,Puglia,2012-11,4
puglia,Puglia,2012-12,4
puglia,Puglia,2013-01,9
puglia,Puglia,2013-02,10
puglia,Puglia,2013-03,10
puglia,Puglia,2013-04,49
puglia,Puglia,2013-05,49
puglia,Puglia,2013-06,64
puglia,Puglia,2013-07,118
puglia,Puglia,2013-08,158
puglia,Puglia,2013-09,143
puglia,Puglia,2013-10,63
puglia,Puglia,2013-11,26
puglia,Puglia,2013-12,10
puglia,Puglia,2014-01,18
puglia,Puglia,2014-02,10
puglia,Puglia,2014-03,24
puglia,Puglia,2014-04,71
puglia,Puglia,2014-05,103
puglia,Puglia,2014-06,157
puglia,Puglia,2014-07,251
puglia,Puglia,2014-08,543
puglia,Puglia,2014-09,326
puglia,Puglia,2014-10,173
puglia,Puglia,2014-11,70
puglia,Puglia,2014-12,45
puglia,Puglia,2015-01,52
puglia,Puglia,2015-02,42
puglia,Puglia,2015-03,64
puglia,Puglia,2015-04,211
puglia,Puglia,2015-05,366
puglia,Puglia,2015-06,512
puglia,Puglia,2015-07,901
puglia,Puglia,2015-08,1476
puglia,Puglia,2015-09,869
puglia,Puglia,2015-10,461
puglia,Puglia,2015-11,139
puglia,Puglia,2015-12,82
puglia,Puglia,2016-01,131
puglia,Puglia,2016-02,87
puglia,Puglia,2016-03,194
puglia,Puglia,2016-04,453
puglia,Puglia,2016-05,747
puglia,Puglia,2016-06,1085
puglia,Puglia,2016-07,1826
puglia,Puglia,2016-08,2828
puglia,Puglia,2016-09,1776
puglia,Puglia,2016-10,945
puglia,Puglia,2016-11,289
puglia,Puglia,2016-12,187
puglia,Puglia,2017-01,218
puglia,Puglia,2017-02,215
puglia,Puglia,2017-03,298
puglia,Puglia,2017-04,996
puglia,Puglia,2017-05,1199
puglia,Puglia,2017-06,1824
puglia,Puglia,2017-07,3023
puglia,Puglia,2017-08,4277
puglia,Puglia,2017-09,2707
puglia,Puglia,2017-10,1375
puglia,Puglia,2017-11,472
puglia,Puglia,2017-12,303
puglia,Puglia,2018-01,466
puglia,Puglia,2018-02,334
puglia,Puglia,2018-03,509
puglia,Puglia,2018-04,1390
puglia,Puglia,2018-05,2171
puglia,Puglia,2018-06,2933
puglia,Puglia,2018-07,4699
puglia,Puglia,2018-08,6101
puglia,Puglia,2018-09,4586
puglia,Puglia,2018-10,2299
puglia,Puglia,2018-11,753
puglia,Puglia,2018-12,501
puglia,Puglia,2019-01,598
puglia,Puglia,2019-02,455
puglia,Puglia,2019-03,805
puglia,Puglia,2019-04,2545
puglia,Puglia,2019-05,3062
puglia,Puglia,2019-06,4485
puglia,Puglia,2019-07,6337
puglia,Puglia,2019-08,8689
puglia,Puglia,2019-09,6224
puglia,Puglia,2019-10,3570
puglia,Puglia,2019-11,1129
puglia,Puglia,2019-12,697
puglia,Puglia,2020-01,879
puglia,Puglia,2020-02,839
puglia,Puglia,2020-03,265
puglia,Puglia,2020-04,8
puglia,Puglia,2020-05,33
puglia,Puglia,2020-06,784
puglia,Puglia,2020-07,3834
puglia,Puglia,2020-08,8960
puglia,Puglia,2020-09,5001
puglia,Puglia,2020-10,2304
puglia,Puglia,2020-11,191
puglia,Puglia,2020-12,143
puglia,Puglia,2021-01,134
puglia,Puglia,2021-02,154
puglia,Puglia,2021-03,158
puglia,Puglia,2021-04,130
puglia,Puglia,2021-05,679
puglia,Puglia,2021-06,2811
puglia,Puglia,2021-07,8073
puglia,Puglia,2021-08,12634
puglia,Puglia,2021-09,8138
puglia,Puglia,2021-10,4286
puglia,Puglia,2021-11,1819
puglia,Puglia,2021-12,958
puglia,Puglia,2022-01,1036
puglia,Puglia,2022-02,982
puglia,Puglia,2022-03,1637
puglia,Puglia,2022-04,4091
puglia,Puglia,2022-05,5793
puglia,Puglia,2022-06,8387
puglia,Puglia,2022-07,12470
puglia,Puglia,2022-08,15760
puglia,Puglia,2022-09,11126
puglia,Puglia,2022-10,6374
puglia,Puglia,2022-11,2005
puglia,Puglia,2022-12,1158
puglia,Puglia,2023-01,1536
puglia,Puglia,2023-02,1312
puglia,Puglia,2023-03,1915
puglia,Puglia,2023-04,5719
puglia,Puglia,2023-05,8894
puglia,Puglia,2023-06,11447
puglia,Puglia,2023-07,15675
puglia,Puglia,2023-08,19111
puglia,Puglia,2023-09,14697
puglia,Puglia,2023-10,9061
puglia,Puglia,2023-11,2369
puglia,Puglia,2023-12,1437
puglia,Puglia,2024-01,1816
puglia,Puglia,2024-02,1438
puglia,Puglia,2024-03,2591
puglia,Puglia,2024-04,7342
puglia,Puglia,2024-05,11548
puglia,Puglia,2024-06,14354
puglia,Puglia,2024-07,18339
puglia,Puglia,2024-08,23267
puglia,Puglia,2024-09,17459
puglia,Puglia,2024-10,11923
puglia,Puglia,2024-11,3465
puglia,Puglia,2024-12,2123
puglia,Puglia,2025-01,2609
puglia,Puglia,2025-02,2320
puglia,Puglia,2025-03,3782
puglia,Puglia,2025-04,10141
puglia,Puglia,2025-05,14594
puglia,Puglia,2025-06,19213
puglia,Puglia,2025-07,23146
puglia,Puglia,2025-08,28657
puglia,Puglia,2025-09,22413
puglia,Puglia,2025-10,14541
puglia,Puglia,2025-11,4234
puglia,Puglia,2025-12,2732
puglia,Puglia,2026-01,3266
puglia,Puglia,2026-02,3024
puglia,Puglia,2026-03,4699
puglia,Puglia,2026-04,11773
puglia,Puglia,2026-05,19201
puglia,Puglia,2026-06,19896
puglia,Puglia,2026-07,341
rome,Roma,2010-05,2
rome,Roma,2010-06,1
rome,Roma,2010-07,1
rome,Roma,2010-08,3
rome,Roma,2010-09,10
rome,Roma,2010-10,8
rome,Roma,2010-11,4
rome,Roma,2010-12,1
rome,Roma,2011-01,4
rome,Roma,2011-02,2
rome,Roma,2011-03,6
rome,Roma,2011-04,22
rome,Roma,2011-05,56
rome,Roma,2011-06,56
rome,Roma,2011-07,44
rome,Roma,2011-08,35
rome,Roma,2011-09,64
rome,Roma,2011-10,95
rome,Roma,2011-11,59
rome,Roma,2011-12,41
rome,Roma,2012-01,73
rome,Roma,2012-02,52
rome,Roma,2012-03,75
rome,Roma,2012-04,165
rome,Roma,2012-05,228
rome,Roma,2012-06,248
rome,Roma,2012-07,203
rome,Roma,2012-08,165
rome,Roma,2012-09,325
rome,Roma,2012-10,342
rome,Roma,2012-11,179
rome,Roma,2012-12,118
rome,Roma,2013-01,170
rome,Roma,2013-02,134
rome,Roma,2013-03,295
rome,Roma,2013-04,540
rome,Roma,2013-05,745
rome,Roma,2013-06,702
rome,Roma,2013-07,692
rome,Roma,2013-08,553
rome,Roma,2013-09,880
rome,Roma,2013-10,929
rome,Roma,2013-11,505
rome,Roma,2013-12,401
rome,Roma,2014-01,528
rome,Roma,2014-02,402
rome,Roma,2014-03,750
rome,Roma,2014-04,1293
rome,Roma,2014-05,1596
rome,Roma,2014-06,1656
rome,Roma,2014-07,1534
rome,Roma,2014-08,1387
rome,Roma,2014-09,2006
rome,Roma,2014-10,2212
rome,Roma,2014-11,1295
rome,Roma,2014-12,1031
rome,Roma,2015-01,1273
rome,Roma,2015-02,1187
rome,Roma,2015-03,1838
rome,Roma,2015-04,3057
rome,Roma,2015-05,4051
rome,Roma,2015-06,4142
rome,Roma,2015-07,4034
rome,Roma,2015-08,3282
rome,Roma,2015-09,4553
rome,Roma,2015-10,4955
rome,Roma,2015-11,2661
rome,Roma,2015-12,2246
rome,Roma,2016-01,2711
rome,Roma,2016-02,2833
rome,Roma,2016-03,3829
rome,Roma,2016-04,5881
rome,Roma,2016-05,7334
rome,Roma,2016-06,7087
rome,Roma,2016-07,7335
rome,Roma,2016-08,6177
rome,Roma,2016-09,8130
rome,Roma,2016-10,8620
rome,Roma,2016-11,4991
rome,Roma,2016-12,3963
rome,Roma,2017-01,4834
rome,Roma,2017-02,4599
rome,Roma,2017-03,6032
rome,Roma,2017-04,9250
rome,Roma,2017-05,10981
rome,Roma,2017-06,10602
rome,Roma,2017-07,10374
rome,Roma,2017-08,8257
rome,Roma,2017-09,10556
rome,Roma,2017-10,10644
rome,Roma,2017-11,6180
rome,Roma,2017-12,5367
rome,Roma,2018-01,6407
rome,Roma,2018-02,6144
rome,Roma,2018-03,8454
rome,Roma,2018-04,11748
rome,Roma,2018-05,13183
rome,Roma,2018-06,13686
rome,Roma,2018-07,12990
rome,Roma,2018-08,10573
rome,Roma,2018-09,13455
rome,Roma,2018-10,14300
rome,Roma,2018-11,8859
rome,Roma,2018-12,7308
rome,Roma,2019-01,8259
rome,Roma,2019-02,8371
rome,Roma,2019-03,11464
rome,Roma,2019-04,15203
rome,Roma,2019-05,17368
rome,Roma,2019-06,18151
rome,Roma,2019-07,16387
rome,Roma,2019-08,13553
rome,Roma,2019-09,17758
rome,Roma,2019-10,18365
rome,Roma,2019-11,11190
rome,Roma,2019-12,9307
rome,Roma,2020-01,10524
rome,Roma,2020-02,10237
rome,Roma,2020-03,2538
rome,Roma,2020-04,110
rome,Roma,2020-05,214
rome,Roma,2020-06,1280
rome,Roma,2020-07,3481
rome,Roma,2020-08,5245
rome,Roma,2020-09,4698
rome,Roma,2020-10,3983
rome,Roma,2020-11,1125
rome,Roma,2020-12,957
rome,Roma,2021-01,941
rome,Roma,2021-02,1238
rome,Roma,2021-03,1195
rome,Roma,2021-04,1094
rome,Roma,2021-05,3089
rome,Roma,2021-06,5570
rome,Roma,2021-07,10211
rome,Roma,2021-08,12419
rome,Roma,2021-09,12469
rome,Roma,2021-10,14260
rome,Roma,2021-11,11977
rome,Roma,2021-12,9061
rome,Roma,2022-01,8349
rome,Roma,2022-02,9135
rome,Roma,2022-03,14616
rome,Roma,2022-04,20143
rome,Roma,2022-05,24429
rome,Roma,2022-06,26316
rome,Roma,2022-07,26619
rome,Roma,2022-08,22514
rome,Roma,2022-09,27795
rome,Roma,2022-10,28282
rome,Roma,2022-11,19080
rome,Roma,2022-12,14237
rome,Roma,2023-01,16581
rome,Roma,2023-02,16847
rome,Roma,2023-03,23685
rome,Roma,2023-04,30483
rome,Roma,2023-05,37892
rome,Roma,2023-06,38087
rome,Roma,2023-07,36754
rome,Roma,2023-08,28790
rome,Roma,2023-09,38070
rome,Roma,2023-10,41200
rome,Roma,2023-11,24537
rome,Roma,2023-12,17817
rome,Roma,2024-01,19451
rome,Roma,2024-02,21179
rome,Roma,2024-03,29587
rome,Roma,2024-04,40587
rome,Roma,2024-05,49629
rome,Roma,2024-06,48035
rome,Roma,2024-07,43609
rome,Roma,2024-08,32965
rome,Roma,2024-09,47164
rome,Roma,2024-10,51254
rome,Roma,2024-11,29792
rome,Roma,2024-12,21832
rome,Roma,2025-01,24618
rome,Roma,2025-02,25968
rome,Roma,2025-03,37609
rome,Roma,2025-04,47593
rome,Roma,2025-05,59023
rome,Roma,2025-06,58207
rome,Roma,2025-07,47300
rome,Roma,2025-08,40198
rome,Roma,2025-09,56536
rome,Roma,2025-10,64964
rome,Roma,2025-11,38254
rome,Roma,2025-12,28613
rome,Roma,2026-01,29828
rome,Roma,2026-02,31757
rome,Roma,2026-03,46024
rome,Roma,2026-04,57651
rome,Roma,2026-05,72999
rome,Roma,2026-06,33890
rome,Roma,2026-07,129
sicily,Sicilia,2009-08,1
sicily,Sicilia,2010-07,1
sicily,Sicilia,2010-09,2
sicily,Sicilia,2011-03,1
sicily,Sicilia,2011-04,2
sicily,Sicilia,2011-05,1
sicily,Sicilia,2011-06,1
sicily,Sicilia,2011-07,7
sicily,Sicilia,2011-08,12
sicily,Sicilia,2011-09,9
sicily,Sicilia,2011-10,11
sicily,Sicilia,2011-11,3
sicily,Sicilia,2011-12,6
sicily,Sicilia,2012-01,4
sicily,Sicilia,2012-02,4
sicily,Sicilia,2012-03,4
sicily,Sicilia,2012-04,17
sicily,Sicilia,2012-05,29
sicily,Sicilia,2012-06,41
sicily,Sicilia,2012-07,67
sicily,Sicilia,2012-08,82
sicily,Sicilia,2012-09,99
sicily,Sicilia,2012-10,104
sicily,Sicilia,2012-11,32
sicily,Sicilia,2012-12,12
sicily,Sicilia,2013-01,29
sicily,Sicilia,2013-02,20
sicily,Sicilia,2013-03,63
sicily,Sicilia,2013-04,148
sicily,Sicilia,2013-05,227
sicily,Sicilia,2013-06,279
sicily,Sicilia,2013-07,375
sicily,Sicilia,2013-08,467
sicily,Sicilia,2013-09,528
sicily,Sicilia,2013-10,361
sicily,Sicilia,2013-11,149
sicily,Sicilia,2013-12,75
sicily,Sicilia,2014-01,106
sicily,Sicilia,2014-02,95
sicily,Sicilia,2014-03,154
sicily,Sicilia,2014-04,442
sicily,Sicilia,2014-05,626
sicily,Sicilia,2014-06,689
sicily,Sicilia,2014-07,899
sicily,Sicilia,2014-08,1466
sicily,Sicilia,2014-09,1338
sicily,Sicilia,2014-10,1091
sicily,Sicilia,2014-11,352
sicily,Sicilia,2014-12,220
sicily,Sicilia,2015-01,265
sicily,Sicilia,2015-02,222
sicily,Sicilia,2015-03,343
sicily,Sicilia,2015-04,1021
sicily,Sicilia,2015-05,1511
sicily,Sicilia,2015-06,1764
sicily,Sicilia,2015-07,2376
sicily,Sicilia,2015-08,3198
sicily,Sicilia,2015-09,2811
sicily,Sicilia,2015-10,1896
sicily,Sicilia,2015-11,628
sicily,Sicilia,2015-12,372
sicily,Sicilia,2016-01,534
sicily,Sicilia,2016-02,492
sicily,Sicilia,2016-03,786
sicily,Sicilia,2016-04,1920
sicily,Sicilia,2016-05,2653
sicily,Sicilia,2016-06,3057
sicily,Sicilia,2016-07,4198
sicily,Sicilia,2016-08,5905
sicily,Sicilia,2016-09,4941
sicily,Sicilia,2016-10,3542
sicily,Sicilia,2016-11,1160
sicily,Sicilia,2016-12,764
sicily,Sicilia,2017-01,907
sicily,Sicilia,2017-02,893
sicily,Sicilia,2017-03,1281
sicily,Sicilia,2017-04,3568
sicily,Sicilia,2017-05,4278
sicily,Sicilia,2017-06,4990
sicily,Sicilia,2017-07,6487
sicily,Sicilia,2017-08,8530
sicily,Sicilia,2017-09,7030
sicily,Sicilia,2017-10,4906
sicily,Sicilia,2017-11,1763
sicily,Sicilia,2017-12,1081
sicily,Sicilia,2018-01,1552
sicily,Sicilia,2018-02,1428
sicily,Sicilia,2018-03,2375
sicily,Sicilia,2018-04,4857
sicily,Sicilia,2018-05,6168
sicily,Sicilia,2018-06,7097
sicily,Sicilia,2018-07,8747
sicily,Sicilia,2018-08,11430
sicily,Sicilia,2018-09,10061
sicily,Sicilia,2018-10,7216
sicily,Sicilia,2018-11,2639
sicily,Sicilia,2018-12,1660
sicily,Sicilia,2019-01,2080
sicily,Sicilia,2019-02,1885
sicily,Sicilia,2019-03,3136
sicily,Sicilia,2019-04,6947
sicily,Sicilia,2019-05,8337
sicily,Sicilia,2019-06,10247
sicily,Sicilia,2019-07,11993
sicily,Sicilia,2019-08,15486
sicily,Sicilia,2019-09,13080
sicily,Sicilia,2019-10,9688
sicily,Sicilia,2019-11,3512
sicily,Sicilia,2019-12,2286
sicily,Sicilia,2020-01,3016
sicily,Sicilia,2020-02,3014
sicily,Sicilia,2020-03,970
sicily,Sicilia,2020-04,18
sicily,Sicilia,2020-05,102
sicily,Sicilia,2020-06,835
sicily,Sicilia,2020-07,5343
sicily,Sicilia,2020-08,13780
sicily,Sicilia,2020-09,9032
sicily,Sicilia,2020-10,6212
sicily,Sicilia,2020-11,722
sicily,Sicilia,2020-12,393
sicily,Sicilia,2021-01,252
sicily,Sicilia,2021-02,338
sicily,Sicilia,2021-03,424
sicily,Sicilia,2021-04,361
sicily,Sicilia,2021-05,1384
sicily,Sicilia,2021-06,5566
sicily,Sicilia,2021-07,13608
sicily,Sicilia,2021-08,20780
sicily,Sicilia,2021-09,13492
sicily,Sicilia,2021-10,10199
sicily,Sicilia,2021-11,4648
sicily,Sicilia,2021-12,2807
sicily,Sicilia,2022-01,2913
sicily,Sicilia,2022-02,3307
sicily,Sicilia,2022-03,5385
sicily,Sicilia,2022-04,10956
sicily,Sicilia,2022-05,13035
sicily,Sicilia,2022-06,15698
sicily,Sicilia,2022-07,19012
sicily,Sicilia,2022-08,22585
sicily,Sicilia,2022-09,19887
sicily,Sicilia,2022-10,15596
sicily,Sicilia,2022-11,6016
sicily,Sicilia,2022-12,3273
sicily,Sicilia,2023-01,4848
sicily,Sicilia,2023-02,4491
sicily,Sicilia,2023-03,6822
sicily,Sicilia,2023-04,15123
sicily,Sicilia,2023-05,19288
sicily,Sicilia,2023-06,21124
sicily,Sicilia,2023-07,24081
sicily,Sicilia,2023-08,27637
sicily,Sicilia,2023-09,26007
sicily,Sicilia,2023-10,21819
sicily,Sicilia,2023-11,7822
sicily,Sicilia,2023-12,4374
sicily,Sicilia,2024-01,5753
sicily,Sicilia,2024-02,5654
sicily,Sicilia,2024-03,8909
sicily,Sicilia,2024-04,18954
sicily,Sicilia,2024-05,24918
sicily,Sicilia,2024-06,26189
sicily,Sicilia,2024-07,28785
sicily,Sicilia,2024-08,34121
sicily,Sicilia,2024-09,32057
sicily,Sicilia,2024-10,27601
sicily,Sicilia,2024-11,10058
sicily,Sicilia,2024-12,5104
sicily,Sicilia,2025-01,6615
sicily,Sicilia,2025-02,6645
sicily,Sicilia,2025-03,10154
sicily,Sicilia,2025-04,23000
sicily,Sicilia,2025-05,27242
sicily,Sicilia,2025-06,30890
sicily,Sicilia,2025-07,32702
sicily,Sicilia,2025-08,38259
sicily,Sicilia,2025-09,37688
sicily,Sicilia,2025-10,31283
sicily,Sicilia,2025-11,10847
sicily,Sicilia,2025-12,5616
sicily,Sicilia,2026-01,7137
sicily,Sicilia,2026-02,7723
sicily,Sicilia,2026-03,11972
sicily,Sicilia,2026-04,24832
sicily,Sicilia,2026-05,33706
sicily,Sicilia,2026-06,31251
sicily,Sicilia,2026-07,251
trentino,Trentino-Alto Adige,2010-09,1
trentino,Trentino-Alto Adige,2010-10,1
trentino,Trentino-Alto Adige,2011-02,1
trentino,Trentino-Alto Adige,2011-11,1
trentino,Trentino-Alto Adige,2011-12,1
trentino,Trentino-Alto Adige,2012-05,2
trentino,Trentino-Alto Adige,2012-06,1
trentino,Trentino-Alto Adige,2012-07,2
trentino,Trentino-Alto Adige,2012-08,2
trentino,Trentino-Alto Adige,2012-09,6
trentino,Trentino-Alto Adige,2012-10,8
trentino,Trentino-Alto Adige,2012-12,4
trentino,Trentino-Alto Adige,2013-02,4
trentino,Trentino-Alto Adige,2013-03,4
trentino,Trentino-Alto Adige,2013-04,4
trentino,Trentino-Alto Adige,2013-05,10
trentino,Trentino-Alto Adige,2013-06,10
trentino,Trentino-Alto Adige,2013-07,11
trentino,Trentino-Alto Adige,2013-08,12
trentino,Trentino-Alto Adige,2013-09,15
trentino,Trentino-Alto Adige,2013-10,9
trentino,Trentino-Alto Adige,2013-11,4
trentino,Trentino-Alto Adige,2013-12,6
trentino,Trentino-Alto Adige,2014-01,12
trentino,Trentino-Alto Adige,2014-02,12
trentino,Trentino-Alto Adige,2014-03,22
trentino,Trentino-Alto Adige,2014-04,22
trentino,Trentino-Alto Adige,2014-05,20
trentino,Trentino-Alto Adige,2014-06,38
trentino,Trentino-Alto Adige,2014-07,44
trentino,Trentino-Alto Adige,2014-08,57
trentino,Trentino-Alto Adige,2014-09,54
trentino,Trentino-Alto Adige,2014-10,45
trentino,Trentino-Alto Adige,2014-11,16
trentino,Trentino-Alto Adige,2014-12,44
trentino,Trentino-Alto Adige,2015-01,66
trentino,Trentino-Alto Adige,2015-02,45
trentino,Trentino-Alto Adige,2015-03,39
trentino,Trentino-Alto Adige,2015-04,63
trentino,Trentino-Alto Adige,2015-05,86
trentino,Trentino-Alto Adige,2015-06,102
trentino,Trentino-Alto Adige,2015-07,208
trentino,Trentino-Alto Adige,2015-08,335
trentino,Trentino-Alto Adige,2015-09,190
trentino,Trentino-Alto Adige,2015-10,98
trentino,Trentino-Alto Adige,2015-11,56
trentino,Trentino-Alto Adige,2015-12,140
trentino,Trentino-Alto Adige,2016-01,208
trentino,Trentino-Alto Adige,2016-02,198
trentino,Trentino-Alto Adige,2016-03,198
trentino,Trentino-Alto Adige,2016-04,120
trentino,Trentino-Alto Adige,2016-05,274
trentino,Trentino-Alto Adige,2016-06,252
trentino,Trentino-Alto Adige,2016-07,501
trentino,Trentino-Alto Adige,2016-08,596
trentino,Trentino-Alto Adige,2016-09,418
trentino,Trentino-Alto Adige,2016-10,248
trentino,Trentino-Alto Adige,2016-11,145
trentino,Trentino-Alto Adige,2016-12,292
trentino,Trentino-Alto Adige,2017-01,394
trentino,Trentino-Alto Adige,2017-02,297
trentino,Trentino-Alto Adige,2017-03,301
trentino,Trentino-Alto Adige,2017-04,346
trentino,Trentino-Alto Adige,2017-05,344
trentino,Trentino-Alto Adige,2017-06,496
trentino,Trentino-Alto Adige,2017-07,778
trentino,Trentino-Alto Adige,2017-08,921
trentino,Trentino-Alto Adige,2017-09,558
trentino,Trentino-Alto Adige,2017-10,368
trentino,Trentino-Alto Adige,2017-11,207
trentino,Trentino-Alto Adige,2017-12,418
trentino,Trentino-Alto Adige,2018-01,606
trentino,Trentino-Alto Adige,2018-02,539
trentino,Trentino-Alto Adige,2018-03,472
trentino,Trentino-Alto Adige,2018-04,438
trentino,Trentino-Alto Adige,2018-05,585
trentino,Trentino-Alto Adige,2018-06,712
trentino,Trentino-Alto Adige,2018-07,1224
trentino,Trentino-Alto Adige,2018-08,1371
trentino,Trentino-Alto Adige,2018-09,927
trentino,Trentino-Alto Adige,2018-10,489
trentino,Trentino-Alto Adige,2018-11,299
trentino,Trentino-Alto Adige,2018-12,615
trentino,Trentino-Alto Adige,2019-01,781
trentino,Trentino-Alto Adige,2019-02,710
trentino,Trentino-Alto Adige,2019-03,730
trentino,Trentino-Alto Adige,2019-04,728
trentino,Trentino-Alto Adige,2019-05,615
trentino,Trentino-Alto Adige,2019-06,1241
trentino,Trentino-Alto Adige,2019-07,1607
trentino,Trentino-Alto Adige,2019-08,2049
trentino,Trentino-Alto Adige,2019-09,1313
trentino,Trentino-Alto Adige,2019-10,855
trentino,Trentino-Alto Adige,2019-11,488
trentino,Trentino-Alto Adige,2019-12,816
trentino,Trentino-Alto Adige,2020-01,1207
trentino,Trentino-Alto Adige,2020-02,1222
trentino,Trentino-Alto Adige,2020-03,272
trentino,Trentino-Alto Adige,2020-04,3
trentino,Trentino-Alto Adige,2020-05,17
trentino,Trentino-Alto Adige,2020-06,362
trentino,Trentino-Alto Adige,2020-07,1218
trentino,Trentino-Alto Adige,2020-08,2270
trentino,Trentino-Alto Adige,2020-09,1337
trentino,Trentino-Alto Adige,2020-10,679
trentino,Trentino-Alto Adige,2020-11,173
trentino,Trentino-Alto Adige,2020-12,119
trentino,Trentino-Alto Adige,2021-01,90
trentino,Trentino-Alto Adige,2021-02,84
trentino,Trentino-Alto Adige,2021-03,54
trentino,Trentino-Alto Adige,2021-04,62
trentino,Trentino-Alto Adige,2021-05,467
trentino,Trentino-Alto Adige,2021-06,1050
trentino,Trentino-Alto Adige,2021-07,2164
trentino,Trentino-Alto Adige,2021-08,2929
trentino,Trentino-Alto Adige,2021-09,1987
trentino,Trentino-Alto Adige,2021-10,1139
trentino,Trentino-Alto Adige,2021-11,720
trentino,Trentino-Alto Adige,2021-12,1079
trentino,Trentino-Alto Adige,2022-01,1541
trentino,Trentino-Alto Adige,2022-02,1199
trentino,Trentino-Alto Adige,2022-03,1114
trentino,Trentino-Alto Adige,2022-04,1309
trentino,Trentino-Alto Adige,2022-05,1452
trentino,Trentino-Alto Adige,2022-06,2248
trentino,Trentino-Alto Adige,2022-07,3222
trentino,Trentino-Alto Adige,2022-08,3602
trentino,Trentino-Alto Adige,2022-09,2452
trentino,Trentino-Alto Adige,2022-10,1489
trentino,Trentino-Alto Adige,2022-11,918
trentino,Trentino-Alto Adige,2022-12,1403
trentino,Trentino-Alto Adige,2023-01,2017
trentino,Trentino-Alto Adige,2023-02,1786
trentino,Trentino-Alto Adige,2023-03,1306
trentino,Trentino-Alto Adige,2023-04,1839
trentino,Trentino-Alto Adige,2023-05,1924
trentino,Trentino-Alto Adige,2023-06,2579
trentino,Trentino-Alto Adige,2023-07,4048
trentino,Trentino-Alto Adige,2023-08,4564
trentino,Trentino-Alto Adige,2023-09,3164
trentino,Trentino-Alto Adige,2023-10,1843
trentino,Trentino-Alto Adige,2023-11,873
trentino,Trentino-Alto Adige,2023-12,2188
trentino,Trentino-Alto Adige,2024-01,2651
trentino,Trentino-Alto Adige,2024-02,2430
trentino,Trentino-Alto Adige,2024-03,1702
trentino,Trentino-Alto Adige,2024-04,1890
trentino,Trentino-Alto Adige,2024-05,2676
trentino,Trentino-Alto Adige,2024-06,3275
trentino,Trentino-Alto Adige,2024-07,5043
trentino,Trentino-Alto Adige,2024-08,5979
trentino,Trentino-Alto Adige,2024-09,4059
trentino,Trentino-Alto Adige,2024-10,2099
trentino,Trentino-Alto Adige,2024-11,1421
trentino,Trentino-Alto Adige,2024-12,2383
trentino,Trentino-Alto Adige,2025-01,3108
trentino,Trentino-Alto Adige,2025-02,2636
trentino,Trentino-Alto Adige,2025-03,2119
trentino,Trentino-Alto Adige,2025-04,2375
trentino,Trentino-Alto Adige,2025-05,2844
trentino,Trentino-Alto Adige,2025-06,4857
trentino,Trentino-Alto Adige,2025-07,6357
trentino,Trentino-Alto Adige,2025-08,7278
trentino,Trentino-Alto Adige,2025-09,4751
trentino,Trentino-Alto Adige,2025-10,2755
trentino,Trentino-Alto Adige,2025-11,1473
trentino,Trentino-Alto Adige,2025-12,3045
trentino,Trentino-Alto Adige,2026-01,3657
trentino,Trentino-Alto Adige,2026-02,3825
trentino,Trentino-Alto Adige,2026-03,2261
trentino,Trentino-Alto Adige,2026-04,2973
trentino,Trentino-Alto Adige,2026-05,4281
trentino,Trentino-Alto Adige,2026-06,4583
trentino,Trentino-Alto Adige,2026-07,4
venice,Venezia,2009-11,1
venice,Venezia,2010-04,1
venice,Venezia,2010-05,1
venice,Venezia,2010-06,1
venice,Venezia,2010-09,3
venice,Venezia,2010-10,2
venice,Venezia,2010-11,1
venice,Venezia,2010-12,1
venice,Venezia,2011-01,1
venice,Venezia,2011-02,1
venice,Venezia,2011-03,5
venice,Venezia,2011-04,7
venice,Venezia,2011-05,9
venice,Venezia,2011-06,13
venice,Venezia,2011-07,27
venice,Venezia,2011-08,31
venice,Venezia,2011-09,37
venice,Venezia,2011-10,43
venice,Venezia,2011-11,37
venice,Venezia,2011-12,14
venice,Venezia,2012-01,25
venice,Venezia,2012-02,43
venice,Venezia,2012-03,36
venice,Venezia,2012-04,94
venice,Venezia,2012-05,119
venice,Venezia,2012-06,114
venice,Venezia,2012-07,103
venice,Venezia,2012-08,97
venice,Venezia,2012-09,172
venice,Venezia,2012-10,188
venice,Venezia,2012-11,99
venice,Venezia,2012-12,52
venice,Venezia,2013-01,95
venice,Venezia,2013-02,87
venice,Venezia,2013-03,110
venice,Venezia,2013-04,225
venice,Venezia,2013-05,294
venice,Venezia,2013-06,326
venice,Venezia,2013-07,328
venice,Venezia,2013-08,258
venice,Venezia,2013-09,398
venice,Venezia,2013-10,434
venice,Venezia,2013-11,187
venice,Venezia,2013-12,97
venice,Venezia,2014-01,156
venice,Venezia,2014-02,144
venice,Venezia,2014-03,237
venice,Venezia,2014-04,477
venice,Venezia,2014-05,583
venice,Venezia,2014-06,667
venice,Venezia,2014-07,763
venice,Venezia,2014-08,717
venice,Venezia,2014-09,982
venice,Venezia,2014-10,1095
venice,Venezia,2014-11,548
venice,Venezia,2014-12,358
venice,Venezia,2015-01,433
venice,Venezia,2015-02,555
venice,Venezia,2015-03,574
venice,Venezia,2015-04,1270
venice,Venezia,2015-05,1835
venice,Venezia,2015-06,2028
venice,Venezia,2015-07,2086
venice,Venezia,2015-08,1771
venice,Venezia,2015-09,2172
venice,Venezia,2015-10,2258
venice,Venezia,2015-11,1042
venice,Venezia,2015-12,788
venice,Venezia,2016-01,976
venice,Venezia,2016-02,1167
venice,Venezia,2016-03,1369
venice,Venezia,2016-04,2409
venice,Venezia,2016-05,3173
venice,Venezia,2016-06,3038
venice,Venezia,2016-07,3421
venice,Venezia,2016-08,3064
venice,Venezia,2016-09,3734
venice,Venezia,2016-10,3879
venice,Venezia,2016-11,1887
venice,Venezia,2016-12,1350
venice,Venezia,2017-01,1626
venice,Venezia,2017-02,1984
venice,Venezia,2017-03,2054
venice,Venezia,2017-04,4339
venice,Venezia,2017-05,5227
venice,Venezia,2017-06,5328
venice,Venezia,2017-07,5287
venice,Venezia,2017-08,4413
venice,Venezia,2017-09,5346
venice,Venezia,2017-10,5362
venice,Venezia,2017-11,2594
venice,Venezia,2017-12,1731
venice,Venezia,2018-01,2120
venice,Venezia,2018-02,2422
venice,Venezia,2018-03,2963
venice,Venezia,2018-04,5019
venice,Venezia,2018-05,6479
venice,Venezia,2018-06,6083
venice,Venezia,2018-07,6244
venice,Venezia,2018-08,5436
venice,Venezia,2018-09,6864
venice,Venezia,2018-10,6921
venice,Venezia,2018-11,3342
venice,Venezia,2018-12,2359
venice,Venezia,2019-01,2907
venice,Venezia,2019-02,3038
venice,Venezia,2019-03,4458
venice,Venezia,2019-04,6933
venice,Venezia,2019-05,8428
venice,Venezia,2019-06,9123
venice,Venezia,2019-07,8409
venice,Venezia,2019-08,7198
venice,Venezia,2019-09,9240
venice,Venezia,2019-10,9319
venice,Venezia,2019-11,4347
venice,Venezia,2019-12,2433
venice,Venezia,2020-01,3149
venice,Venezia,2020-02,3786
venice,Venezia,2020-03,235
venice,Venezia,2020-04,5
venice,Venezia,2020-05,40
venice,Venezia,2020-06,1143
venice,Venezia,2020-07,2851
venice,Venezia,2020-08,5004
venice,Venezia,2020-09,3992
venice,Venezia,2020-10,2695
venice,Venezia,2020-11,363
venice,Venezia,2020-12,197
venice,Venezia,2021-01,108
venice,Venezia,2021-02,404
venice,Venezia,2021-03,254
venice,Venezia,2021-04,185
venice,Venezia,2021-05,2142
venice,Venezia,2021-06,3492
venice,Venezia,2021-07,5959
venice,Venezia,2021-08,8312
venice,Venezia,2021-09,6893
venice,Venezia,2021-10,7323
venice,Venezia,2021-11,5397
venice,Venezia,2021-12,2953
venice,Venezia,2022-01,2728
venice,Venezia,2022-02,3816
venice,Venezia,2022-03,5606
venice,Venezia,2022-04,9756
venice,Venezia,2022-05,11561
venice,Venezia,2022-06,12370
venice,Venezia,2022-07,13259
venice,Venezia,2022-08,12136
venice,Venezia,2022-09,12347
venice,Venezia,2022-10,12597
venice,Venezia,2022-11,7787
venice,Venezia,2022-12,4442
venice,Venezia,2023-01,5283
venice,Venezia,2023-02,6588
venice,Venezia,2023-03,7975
venice,Venezia,2023-04,12853
venice,Venezia,2023-05,14632
venice,Venezia,2023-06,15038
venice,Venezia,2023-07,14600
venice,Venezia,2023-08,12894
venice,Venezia,2023-09,14961
venice,Venezia,2023-10,15004
venice,Venezia,2023-11,7526
venice,Venezia,2023-12,4903
venice,Venezia,2024-01,5730
venice,Venezia,2024-02,7089
venice,Venezia,2024-03,8781
venice,Venezia,2024-04,14027
venice,Venezia,2024-05,17154
venice,Venezia,2024-06,16296
venice,Venezia,2024-07,15797
venice,Venezia,2024-08,13713
venice,Venezia,2024-09,16696
venice,Venezia,2024-10,16580
venice,Venezia,2024-11,9281
venice,Venezia,2024-12,5452
venice,Venezia,2025-01,6187
venice,Venezia,2025-02,6929
venice,Venezia,2025-03,9453
venice,Venezia,2025-04,14598
venice,Venezia,2025-05,17072
venice,Venezia,2025-06,16713
venice,Venezia,2025-07,15431
venice,Venezia,2025-08,13987
venice,Venezia,2025-09,17155
venice,Venezia,2025-10,17522
venice,Venezia,2025-11,8568
venice,Venezia,2025-12,6298
venice,Venezia,2026-01,6954
venice,Venezia,2026-02,9391
venice,Venezia,2026-03,10390
venice,Venezia,2026-04,16703
venice,Venezia,2026-05,21626
venice,Venezia,2026-06,5475
