slug,territorio,zona,n_annunci,adr_mediano
bergamo,Bergamo,Bergamo,1575,120.0
bergamo,Bergamo,Riva di Solto,121,200.0
bergamo,Bergamo,Lovere,118,152.0
bergamo,Bergamo,Seriate,73,107.0
bergamo,Bergamo,Solto Collina,62,172.0
bergamo,Bergamo,Costa Volpino,62,136.0
bergamo,Bergamo,Parzanica,61,202.0
bergamo,Bergamo,Sarnico,58,168.0
bergamo,Bergamo,Predore,55,206.0
bergamo,Bergamo,Castione della Presolana,49,138.0
bergamo,Bergamo,Clusone,44,115.0
bergamo,Bergamo,Tavernola Bergamasca,39,144.0
bergamo,Bergamo,San Pellegrino Terme,38,111.0
bergamo,Bergamo,Orio al Serio,38,100.0
bergamo,Bergamo,Fonteno,37,164.0
bergamo,Bergamo,Azzano San Paolo,36,94.0
bergamo,Bergamo,Serina,36,104.0
bergamo,Bergamo,Ranzanico,33,172.0
bergamo,Bergamo,Colere,32,130.0
bergamo,Bergamo,Stezzano,30,89.0
bergamo,Bergamo,Grassobbio,30,117.0
bergamo,Bergamo,Foppolo,29,116.0
bergamo,Bergamo,Rota d'Imagna,28,125.0
bergamo,Bergamo,Schilpario,28,132.0
bergamo,Bergamo,Bossico,27,130.0
bergamo,Bergamo,Alzano Lombardo,26,78.0
bergamo,Bergamo,Zogno,25,90.0
bergamo,Bergamo,Osio Sotto,25,85.0
bergamo,Bergamo,Roncola,24,111.0
bergamo,Bergamo,Castro,24,140.0
bergamo,Bergamo,Zanica,22,91.0
bergamo,Bergamo,Valbondione,22,117.0
bergamo,Bergamo,Branzi,22,138.0
bergamo,Bergamo,Oltre il Colle,22,83.0
bergamo,Bergamo,Treviglio,21,106.0
bergamo,Bergamo,Selvino,21,146.0
bergamo,Bergamo,Dalmine,21,105.0
bergamo,Bergamo,Vilminore di Scalve,20,124.0
bergamo,Bergamo,Monasterolo del Castello,19,116.0
bergamo,Bergamo,Ponteranica,18,128.0
bergamo,Bergamo,Ponte San Pietro,17,104.0
bergamo,Bergamo,Capriate San Gervasio,17,117.0
bergamo,Bergamo,Endine Gaiano,17,152.0
bergamo,Bergamo,Gromo,17,133.0
bergamo,Bergamo,Palazzago,17,113.0
bergamo,Bergamo,Aviatico,17,135.0
bergamo,Bergamo,Almenno San Salvatore,17,168.0
bergamo,Bergamo,Ardesio,15,116.0
bergamo,Bergamo,Fuipiano Valle Imagna,15,114.0
bergamo,Bergamo,Onore,14,97.0
bergamo,Bergamo,Sant'Omobono Terme,13,180.0
bergamo,Bergamo,Sorisole,13,124.0
bergamo,Bergamo,Trescore Balneario,13,105.0
bergamo,Bergamo,Santa Brigida,12,94.0
bergamo,Bergamo,Villongo,12,176.0
bergamo,Bergamo,Sovere,12,108.0
bergamo,Bergamo,Spinone al Lago,11,143.0
bergamo,Bergamo,Rogno,11,136.0
bergamo,Bergamo,Cerete,11,132.0
bergamo,Bergamo,Villa d'Alm�,11,85.0
bergamo,Bergamo,Piazzatorre,10,100.0
bergamo,Bergamo,Almenno San Bartolomeo,10,149.0
bergamo,Bergamo,Treviolo,10,96.0
bergamo,Bergamo,Scanzorosciate,9,110.0
bergamo,Bergamo,Albino,9,82.0
bergamo,Bergamo,Gandosso,9,144.0
bergamo,Bergamo,San Giovanni Bianco,9,97.0
bergamo,Bergamo,Costa Serina,9,83.0
bergamo,Bergamo,Carona,9,126.0
bergamo,Bergamo,Rovetta,8,114.0
bergamo,Bergamo,Casazza,8,165.0
bergamo,Bergamo,Urgnano,8,72.0
bergamo,Bergamo,Roncobello,8,110.0
bergamo,Bergamo,Torre Boldone,8,99.0
bergamo,Bergamo,Pedrengo,8,96.0
bergamo,Bergamo,Cavernago,8,258.0
bergamo,Bergamo,Cologno al Serio,8,96.0
bergamo,Bergamo,Mozzo,8,108.0
bergamo,Bergamo,Dossena,7,132.0
bergamo,Bergamo,Costa di Mezzate,7,92.0
bergamo,Bergamo,Bracca,7,210.0
bergamo,Bergamo,Boltiere,7,118.0
bergamo,Bergamo,Romano di Lombardia,7,91.0
bergamo,Bergamo,Caprino Bergamasco,7,97.0
bergamo,Bergamo,Brembate,7,123.0
bergamo,Bergamo,Olmo al Brembo,7,173.0
bergamo,Bergamo,Nembro,6,259.0
bergamo,Bergamo,Oneta,6,101.0
bergamo,Bergamo,Adrara San Martino,6,137.0
bergamo,Bergamo,Valgoglio,6,139.0
bergamo,Bergamo,Piazza Brembana,6,168.0
bergamo,Bergamo,Vertova,6,94.0
bergamo,Bergamo,Calusco d'Adda,6,156.0
bergamo,Bergamo,Credaro,6,116.0
bergamo,Bergamo,Verdellino,6,130.0
bergamo,Bergamo,Valleve,6,101.0
bergamo,Bergamo,Pianico,6,181.0
bergamo,Bergamo,Grone,6,131.0
bergamo,Bergamo,Sotto il Monte Giovanni XXIII,6,101.0
bergamo,Bergamo,Curno,6,84.0
bergamo,Bergamo,Mapello,6,148.0
bergamo,Bergamo,Songavazzo,6,121.0
bergamo,Bergamo,Albano Sant'Alessandro,6,92.0
bergamo,Bergamo,Brembate di Sopra,5,87.0
bergamo,Bergamo,Val Brembilla,5,100.0
bergamo,Bergamo,Torre Pallavicina,5,160.0
bergamo,Bergamo,Gorno,5,113.0
bergamo,Bergamo,Suisio,5,114.0
bergamo,Bergamo,Viadanica,5,137.0
bergamo,Bergamo,Cenate Sotto,5,72.0
bergamo,Bergamo,Villa di Serio,5,120.0
bergamo,Bergamo,Fino del Monte,5,106.0
bergamo,Bergamo,Bianzano,5,141.0
bergamo,Bergamo,Brusaporto,5,263.0
bergamo,Bergamo,Grumello del Monte,5,100.0
bergamo,Bergamo,Lallio,5,110.0
bergamo,Bergamo,Taleggio,5,135.0
bergamo,Bergamo,Vigolo,4,129.0
bergamo,Bergamo,Calcio,4,97.0
bergamo,Bergamo,Moio de' Calvi,4,99.0
bergamo,Bergamo,Telgate,4,103.0
bergamo,Bergamo,Gandellino,4,103.0
bergamo,Bergamo,Osio Sopra,4,86.0
bergamo,Bergamo,Pontida,4,266.0
bergamo,Bergamo,Camerata Cornello,4,134.0
bergamo,Bergamo,Borgo di Terzo,4,113.0
bergamo,Bergamo,Entratico,4,81.0
bergamo,Bergamo,Berbenno,4,87.0
bergamo,Bergamo,Bonate Sopra,4,78.0
bergamo,Bergamo,Brignano Gera d'Adda,4,54.0
bergamo,Bergamo,Isola di Fondra,3,109.0
bergamo,Bergamo,Castelli Calepio,3,44.0
bergamo,Bergamo,Spirano,3,119.0
bergamo,Bergamo,Ambivere,3,143.0
bergamo,Bergamo,Cusio,3,67.0
bergamo,Bergamo,Torre de' Roveri,3,81.0
bergamo,Bergamo,Valbrembo,3,119.0
bergamo,Bergamo,Canonica d'Adda,3,97.0
bergamo,Bergamo,Foresto Sparso,3,192.0
bergamo,Bergamo,Adrara San Rocco,3,88.0
bergamo,Bergamo,Gaverina Terme,3,113.0
bergamo,Bergamo,Terno d'Isola,3,89.0
bergamo,Bergamo,Gorle,3,93.0
bergamo,Bergamo,Barzana,3,114.0
bergamo,Bergamo,Leffe,3,62.0
bergamo,Bergamo,Premolo,3,150.0
bergamo,Bergamo,Casnigo,3,97.0
bergamo,Bergamo,Gazzaniga,3,76.0
bergamo,Bergamo,Pradalunga,3,46.0
bergamo,Bergamo,Ponte Nossa,3,96.0
bergamo,Bergamo,Caravaggio,2,93.0
bergamo,Bergamo,Costa Valle Imagna,2,103.0
bergamo,Bergamo,Villa d'Adda,2,87.0
bergamo,Bergamo,Capizzone,2,101.0
bergamo,Bergamo,Cornalba,2,104.0
bergamo,Bergamo,Oltressenda Alta,2,151.0
bergamo,Bergamo,Valtorta,2,96.0
bergamo,Bergamo,Ranica,2,76.0
bergamo,Bergamo,Presezzo,2,105.0
bergamo,Bergamo,Fontanella,2,94.0
bergamo,Bergamo,Alm�,2,211.0
bergamo,Bergamo,Montello,2,106.0
bergamo,Bergamo,Villa d'Ogna,2,128.0
bergamo,Bergamo,Calcinate,2,62.0
bergamo,Bergamo,Parre,2,150.0
bergamo,Bergamo,Sedrina,2,108.0
bergamo,Bergamo,Locatello,2,65.0
bergamo,Bergamo,Averara,2,111.0
bergamo,Bergamo,Cividate al Piano,2,27.0
bergamo,Bergamo,Ciserano,2,110.0
bergamo,Bergamo,Bonate Sotto,2,502.0
bergamo,Bergamo,Brumano,1,354.0
bergamo,Bergamo,Pontirolo Nuovo,1,173.0
bergamo,Bergamo,Chiuduno,1,94.0
bergamo,Bergamo,San Paolo d'Argon,1,162.0
bergamo,Bergamo,Azzone,1,94.0
bergamo,Bergamo,Bottanuco,1,84.0
bergamo,Bergamo,Vedeseta,1,80.0
bergamo,Bergamo,Palosco,1,175.0
bergamo,Bergamo,Arzago d'Adda,1,88.0
bergamo,Bergamo,Valnegra,1,46.0
bergamo,Bergamo,Peia,1,100.0
bergamo,Bergamo,Medolago,1,83.0
bergamo,Bergamo,Berzo San Fermo,1,80.0
bergamo,Bergamo,Corna Imagna,1,323.0
bergamo,Bergamo,Verdello,1,61.0
bergamo,Bergamo,Cisano Bergamasco,1,163.0
bergamo,Bergamo,Lenna,1,82.0
bergamo,Bergamo,Casirate d'Adda,1,99.0
bergamo,Bergamo,Gandino,1,167.0
bergamo,Bergamo,Solza,1,92.0
bergamo,Bergamo,Strozza,1,149.0
bergamo,Bergamo,Madone,1,72.0
bergamo,Bergamo,Paladina,1,94.0
bergamo,Bergamo,Mozzanica,1,58.0
bergamo,Bergamo,Fara Gera d'Adda,1,78.0
bergamo,Bergamo,Fiorano al Serio,1,80.0
bergamo,Bergamo,Levate,1,139.0
bergamo,Bergamo,Filago,0,
bergamo,Bergamo,Calvenzano,0,
bergamo,Bergamo,Cene,0,
bologna,Bologna,Santo Stefano,1626,142.0
bologna,Bologna,Porto - Saragozza,1510,134.0
bologna,Bologna,Navile,545,111.0
bologna,Bologna,San Donato - San Vitale,495,113.0
bologna,Bologna,Borgo Panigale - Reno,223,103.0
bologna,Bologna,Savena,145,103.0
florence,Firenze,Centro Storico,9162,180.0
florence,Firenze,Campo di Marte,1186,137.0
florence,Firenze,Rifredi,1104,127.0
florence,Firenze,Isolotto Legnaia,553,132.0
florence,Firenze,Gavinana Galluzzo,443,134.0
milan,Milano,BUENOS AIRES - VENEZIA,1873,144.0
milan,Milano,DUOMO,1630,206.0
milan,Milano,CENTRALE,1022,140.0
milan,Milano,SARPI,1002,135.0
milan,Milano,BRERA,973,187.0
milan,Milano,NAVIGLI,922,137.0
milan,Milano,LORETO,858,118.0
milan,Milano,TICINESE,844,141.0
milan,Milano,ISOLA,745,130.0
milan,Milano,XXII MARZO,643,148.0
milan,Milano,GUASTALLA,541,164.0
milan,Milano,PORTA ROMANA,529,138.0
milan,Milano,LODI - CORVETTO,508,110.0
milan,Milano,MAGENTA - S. VITTORE,474,152.0
milan,Milano,CITTA' STUDI,451,123.0
milan,Milano,VILLAPIZZONE,431,111.0
milan,Milano,BANDE NERE,416,118.0
milan,Milano,DE ANGELI - MONTE ROSA,398,138.0
milan,Milano,WASHINGTON,395,136.0
milan,Milano,TORTONA,394,140.0
milan,Milano,GIAMBELLINO,374,113.0
milan,Milano,PADOVA,359,106.0
milan,Milano,MACIACHINI - MAGGIOLINA,353,130.0
milan,Milano,GARIBALDI REPUBBLICA,348,169.0
milan,Milano,VIGENTINA,344,147.0
milan,Milano,UMBRIA - MOLISE,303,112.0
milan,Milano,VIALE MONZA,293,109.0
milan,Milano,S. CRISTOFORO,293,112.0
milan,Milano,DERGANO,282,120.0
milan,Milano,STADERA,271,108.0
milan,Milano,PAGANO,268,154.0
milan,Milano,SELINUNTE,267,130.0
milan,Milano,GHISOLFA,255,120.0
milan,Milano,SCALO ROMANA,233,111.0
milan,Milano,CORSICA,229,124.0
milan,Milano,TIBALDI,227,112.0
milan,Milano,AFFORI,205,108.0
milan,Milano,GRECO,180,121.0
milan,Milano,BOVISA,173,110.0
milan,Milano,RIPAMONTI,166,113.0
milan,Milano,GALLARATESE,157,128.0
milan,Milano,EX OM - MORIVIONE,152,128.0
milan,Milano,MECENATE,145,114.0
milan,Milano,NIGUARDA - CA' GRANDA,143,111.0
milan,Milano,S. SIRO,123,143.0
milan,Milano,PORTELLO,120,148.0
milan,Milano,RONCHETTO SUL NAVIGLIO,117,112.0
milan,Milano,PARCO LAMBRO - CIMIANO,115,108.0
milan,Milano,FARINI,113,126.0
milan,Milano,MAGGIORE - MUSOCCO,112,125.0
milan,Milano,LAMBRATE,100,104.0
milan,Milano,LORENTEGGIO,96,119.0
milan,Milano,ROGOREDO,89,134.0
milan,Milano,FORZE ARMATE,72,109.0
milan,Milano,BICOCCA,71,120.0
milan,Milano,ADRIANO,70,105.0
milan,Milano,BAGGIO,66,105.0
milan,Milano,QUARTO OGGIARO,58,101.0
milan,Milano,BARONA,58,106.0
milan,Milano,QUARTO CAGNINO,56,154.0
milan,Milano,ORTOMERCATO,49,101.0
milan,Milano,QT 8,43,104.0
milan,Milano,BRUZZANO,41,83.0
milan,Milano,COMASINA,32,94.0
milan,Milano,PARCO FORLANINI - ORTICA,30,112.0
milan,Milano,GRATOSOGLIO - TICINELLO,30,88.0
milan,Milano,PARCO SEMPIONE,27,171.0
milan,Milano,PARCO MONLUE' - PONTE LAMBRO,23,109.0
milan,Milano,TRE TORRI,18,156.0
milan,Milano,QUINTO ROMANO,14,149.0
milan,Milano,TRIULZO SUPERIORE,14,97.0
milan,Milano,QUINTOSOLE,13,98.0
milan,Milano,TRENNO,12,110.0
milan,Milano,BOVISASCA,11,98.0
milan,Milano,FIGINO,10,46.0
milan,Milano,GIARDINI PORTA VENEZIA,9,89.0
milan,Milano,PARCO BOSCO IN CITT,9,104.0
milan,Milano,CANTALUPA,8,92.0
milan,Milano,PARCO DEI NAVIGLI,7,141.0
milan,Milano,PARCO DELLE ABBAZIE,7,98.0
milan,Milano,MUGGIANO,7,110.0
milan,Milano,CHIARAVALLE,6,98.0
milan,Milano,SACCO,5,112.0
milan,Milano,PARCO NORD,2,107.0
milan,Milano,RONCHETTO DELLE RANE,2,76.0
milan,Milano,STEPHENSON,2,120.0
milan,Milano,PARCO AGRICOLO SUD,1,112.0
milan,Milano,CASCINA TRIULZA - EXPO,0,
naples,Napoli,San Lorenzo,2106,97.0
naples,Napoli,Pendino,1061,111.0
naples,Napoli,San Ferdinando,960,132.0
naples,Napoli,Chiaia,786,131.0
naples,Napoli,Montecalvario,785,111.0
naples,Napoli,Avvocata,673,101.0
naples,Napoli,Porto,642,115.0
naples,Napoli,San Giuseppe,632,119.0
naples,Napoli,Stella,533,93.0
naples,Napoli,San Carlo all'Arena,468,84.0
naples,Napoli,Vomero,419,114.0
naples,Napoli,Vicaria,383,88.0
naples,Napoli,Mercato,237,98.0
naples,Napoli,Zona Industriale,227,92.0
naples,Napoli,Fuorigrotta,227,113.0
naples,Napoli,Arenella,199,100.0
naples,Napoli,Posillipo,144,186.0
naples,Napoli,Poggioreale,86,112.0
naples,Napoli,Bagnoli,75,100.0
naples,Napoli,Secondigliano,58,86.0
naples,Napoli,San Giovanni a Teduccio,37,90.0
naples,Napoli,San Pietro a Patierno,33,101.0
naples,Napoli,Ponticelli,27,82.0
naples,Napoli,Barra,22,86.0
naples,Napoli,Chiaiano,21,92.0
naples,Napoli,Soccavo,21,95.0
naples,Napoli,Piscinola,16,99.0
naples,Napoli,Pianura,10,92.0
naples,Napoli,Miano,7,120.0
naples,Napoli,Scampia,3,32.0
puglia,Puglia,Bari,3587,133.0
puglia,Puglia,Ostuni,2401,215.0
puglia,Puglia,Lecce,2067,116.0
puglia,Puglia,Gallipoli,2033,157.0
puglia,Puglia,Porto Cesareo,1765,166.0
puglia,Puglia,Monopoli,1713,207.0
puglia,Puglia,Nard,1253,146.0
puglia,Puglia,Polignano a Mare,1071,185.0
puglia,Puglia,Martina Franca,950,172.0
puglia,Puglia,Otranto,926,157.0
puglia,Puglia,Melendugno,917,134.0
puglia,Puglia,Ugento,869,146.0
puglia,Puglia,Salve,866,162.0
puglia,Puglia,Fasano,747,180.0
puglia,Puglia,Carovigno,713,218.0
puglia,Puglia,Manduria,636,177.0
puglia,Puglia,Ceglie Messapica,607,183.0
puglia,Puglia,Vieste,607,137.0
puglia,Puglia,Taranto,570,100.0
puglia,Puglia,Locorotondo,538,173.0
puglia,Puglia,Racale,533,141.0
puglia,Puglia,Taviano,517,127.0
puglia,Puglia,Castrignano del Capo,510,149.0
puglia,Puglia,Brindisi,488,104.0
puglia,Puglia,Cisternino,456,178.0
puglia,Puglia,Alberobello,448,152.0
puglia,Puglia,Trani,438,100.0
puglia,Puglia,Alliste,394,127.0
puglia,Puglia,Maruggio,356,155.0
puglia,Puglia,Peschici,349,120.0
puglia,Puglia,Castellana Grotte,345,160.0
puglia,Puglia,Morciano di Leuca,342,155.0
puglia,Puglia,Conversano,304,115.0
puglia,Puglia,Tricase,261,137.0
puglia,Puglia,San Vito dei Normanni,252,241.0
puglia,Puglia,Bisceglie,251,109.0
puglia,Puglia,Matino,248,123.0
puglia,Puglia,Barletta,240,92.0
puglia,Puglia,Mattinata,239,132.0
puglia,Puglia,Castro,236,134.0
puglia,Puglia,Sannicola,230,130.0
puglia,Puglia,Santa Cesarea Terme,224,120.0
puglia,Puglia,Mola di Bari,215,117.0
puglia,Puglia,Galatina,214,114.0
puglia,Puglia,Galatone,213,110.0
puglia,Puglia,Gagliano del Capo,204,161.0
puglia,Puglia,Pat,202,141.0
puglia,Puglia,Pulsano,200,140.0
puglia,Puglia,Foggia,193,65.0
puglia,Puglia,Uggiano la Chiesa,192,104.0
puglia,Puglia,Manfredonia,190,98.0
puglia,Puglia,Diso,188,164.0
puglia,Puglia,Putignano,177,131.0
puglia,Puglia,Noci,173,136.0
puglia,Puglia,Molfetta,170,103.0
puglia,Puglia,Giovinazzo,162,118.0
puglia,Puglia,Altamura,159,80.0
puglia,Puglia,Parabita,157,130.0
puglia,Puglia,Leporano,143,168.0
puglia,Puglia,Alezio,138,122.0
puglia,Puglia,Vico del Gargano,135,112.0
puglia,Puglia,Tuglie,131,110.0
puglia,Puglia,Monte Sant'Angelo,131,92.0
puglia,Puglia,Mesagne,130,100.0
puglia,Puglia,Margherita di Savoia,130,134.0
puglia,Puglia,Gravina in Puglia,129,81.0
puglia,Puglia,Corsano,129,150.0
puglia,Puglia,Casarano,127,117.0
puglia,Puglia,San Michele Salentino,123,328.0
puglia,Puglia,Alessano,120,117.0
puglia,Puglia,Cutrofiano,117,115.0
puglia,Puglia,Ginosa,115,127.0
puglia,Puglia,Leverano,115,107.0
puglia,Puglia,Presicce,115,118.0
puglia,Puglia,Andria,111,95.0
puglia,Puglia,Francavilla Fontana,108,198.0
puglia,Puglia,Maglie,107,116.0
puglia,Puglia,Castellaneta,101,110.0
puglia,Puglia,Torricella,101,142.0
puglia,Puglia,Carpignano Salentino,99,125.0
puglia,Puglia,Bitonto,98,94.0
puglia,Puglia,Grottaglie,97,98.0
puglia,Puglia,Vernole,97,107.0
puglia,Puglia,Squinzano,96,122.0
puglia,Puglia,Torchiarolo,95,168.0
puglia,Puglia,Martano,94,116.0
puglia,Puglia,Corato,90,87.0
puglia,Puglia,Rodi Garganico,89,110.0
puglia,Puglia,Lizzano,86,164.0
puglia,Puglia,Poggiardo,83,115.0
puglia,Puglia,Oria,81,100.0
puglia,Puglia,Andrano,78,136.0
puglia,Puglia,Ruffano,76,136.0
puglia,Puglia,Gioia del Colle,75,94.0
puglia,Puglia,Veglie,74,109.0
puglia,Puglia,Specchia,71,130.0
puglia,Puglia,Avetrana,70,132.0
puglia,Puglia,Modugno,68,91.0
puglia,Puglia,Lizzanello,65,123.0
puglia,Puglia,San Giovanni Rotondo,65,80.0
puglia,Puglia,Spongano,64,154.0
puglia,Puglia,Aradeo,64,102.0
puglia,Puglia,Cassano delle Murge,63,87.0
puglia,Puglia,Ortelle,62,99.0
puglia,Puglia,Minervino di Lecce,62,107.0
puglia,Puglia,San Cesario di Lecce,61,134.0
puglia,Puglia,Ruvo di Puglia,61,80.0
puglia,Puglia,Copertino,61,116.0
puglia,Puglia,Cannole,61,128.0
puglia,Puglia,Terlizzi,61,85.0
puglia,Puglia,Crispiano,60,100.0
puglia,Puglia,Giurdignano,60,120.0
puglia,Puglia,Tiggiano,59,162.0
puglia,Puglia,Monteroni di Lecce,59,113.0
puglia,Puglia,Santeramo in Colle,58,96.0
puglia,Puglia,Corigliano d'Otranto,58,103.0
puglia,Puglia,Muro Leccese,57,143.0
puglia,Puglia,San Severo,57,81.0
puglia,Puglia,Cavallino,55,109.0
puglia,Puglia,Lequile,51,103.0
puglia,Puglia,Lesina,49,108.0
puglia,Puglia,Trepuzzi,49,111.0
puglia,Puglia,Massafra,48,98.0
puglia,Puglia,Ischitella,48,87.0
puglia,Puglia,Mottola,46,94.0
puglia,Puglia,Latiano,46,200.0
puglia,Puglia,Villa Castelli,46,120.0
puglia,Puglia,Sannicandro di Bari,45,90.0
puglia,Puglia,Acquarica del Capo,44,100.0
puglia,Puglia,Neviano,43,144.0
puglia,Puglia,Canosa di Puglia,42,65.0
puglia,Puglia,Sava,42,154.0
puglia,Puglia,Carmiano,41,91.0
puglia,Puglia,Melissano,40,132.0
puglia,Puglia,Rutigliano,40,107.0
puglia,Puglia,Noicattaro,40,108.0
puglia,Puglia,Turi,40,116.0
puglia,Puglia,San Donato di Lecce,38,101.0
puglia,Puglia,Lucera,37,80.0
puglia,Puglia,Isole Tremiti,36,182.0
puglia,Puglia,Surbo,36,94.0
puglia,Puglia,Casamassima,36,110.0
puglia,Puglia,Acquaviva delle Fonti,35,70.0
puglia,Puglia,Cursi,34,92.0
puglia,Puglia,Calimera,33,106.0
puglia,Puglia,Adelfia,33,83.0
puglia,Puglia,Sogliano Cavour,32,74.0
puglia,Puglia,Soleto,31,88.0
puglia,Puglia,San Pietro in Lama,31,134.0
puglia,Puglia,Taurisano,29,91.0
puglia,Puglia,Salice Salentino,29,117.0
puglia,Puglia,Campi Salentina,29,101.0
puglia,Puglia,Novoli,29,80.0
puglia,Puglia,Giuggianello,27,103.0
puglia,Puglia,Scorrano,27,90.0
puglia,Puglia,Miggiano,26,158.0
puglia,Puglia,San Pancrazio Salentino,26,92.0
puglia,Puglia,Laterza,25,86.0
puglia,Puglia,Surano,25,177.0
puglia,Puglia,San Pietro Vernotico,25,129.0
puglia,Puglia,Castrignano de' Greci,25,80.0
puglia,Puglia,Arnesano,25,113.0
puglia,Puglia,San Nicandro Garganico,24,92.0
puglia,Puglia,Bitetto,24,80.0
puglia,Puglia,Triggiano,23,107.0
puglia,Puglia,Palo del Colle,23,70.0
puglia,Puglia,Valenzano,22,104.0
puglia,Puglia,Capurso,21,117.0
puglia,Puglia,Pietramontecorvino,21,51.0
puglia,Puglia,Sanarica,20,126.0
puglia,Puglia,Cagnano Varano,20,86.0
puglia,Puglia,Palagiano,20,91.0
puglia,Puglia,Nociglia,19,125.0
puglia,Puglia,Secl,19,122.0
puglia,Puglia,Collepasso,19,95.0
puglia,Puglia,Guagnano,18,160.0
puglia,Puglia,San Cassiano,18,114.0
puglia,Puglia,Montesano Salentino,18,142.0
puglia,Puglia,Torre Santa Susanna,18,82.0
puglia,Puglia,Sammichele di Bari,17,96.0
puglia,Puglia,Toritto,16,82.0
puglia,Puglia,San Giorgio Ionico,16,120.0
puglia,Puglia,Roseto Valfortore,16,82.0
puglia,Puglia,Grumo Appula,15,81.0
puglia,Puglia,Candela,15,145.0
puglia,Puglia,Ascoli Satriano,15,64.0
puglia,Puglia,Sternatia,15,97.0
puglia,Puglia,Supersano,15,83.0
puglia,Puglia,Zollino,15,80.0
puglia,Puglia,Cerignola,14,77.0
puglia,Puglia,Botrugno,13,95.0
puglia,Puglia,Apricena,12,90.0
puglia,Puglia,Troia,12,62.0
puglia,Puglia,Caprarica di Lecce,12,145.0
puglia,Puglia,Trinitapoli,11,74.0
puglia,Puglia,Torremaggiore,11,75.0
puglia,Puglia,Cellino San Marco,11,152.0
puglia,Puglia,Serracapriola,11,109.0
puglia,Puglia,Melpignano,11,92.0
puglia,Puglia,Bitritto,10,88.0
puglia,Puglia,Roccaforzata,10,66.0
puglia,Puglia,Castri di Lecce,10,163.0
puglia,Puglia,Minervino Murge,10,111.0
puglia,Puglia,Statte,10,100.0
puglia,Puglia,Palmariggi,9,91.0
puglia,Puglia,Fragagnano,9,109.0
puglia,Puglia,Martignano,9,119.0
puglia,Puglia,San Ferdinando di Puglia,9,115.0
puglia,Puglia,Spinazzola,8,65.0
puglia,Puglia,Carpino,8,117.0
puglia,Puglia,Palagianello,8,108.0
puglia,Puglia,Bagnolo del Salento,7,101.0
puglia,Puglia,Chieuti,7,87.0
puglia,Puglia,Ordona,7,75.0
puglia,Puglia,Sant'Agata di Puglia,7,333.0
puglia,Puglia,San Donaci,6,177.0
puglia,Puglia,Montemesola,6,97.0
puglia,Puglia,Orta Nova,6,70.0
puglia,Puglia,Poggio Imperiale,6,81.0
puglia,Puglia,Zapponeta,6,110.0
puglia,Puglia,Deliceto,5,86.0
puglia,Puglia,Biccari,5,50.0
puglia,Puglia,Carosino,5,99.0
puglia,Puglia,Faeto,5,71.0
puglia,Puglia,San Marco in Lamis,5,78.0
puglia,Puglia,Orsara di Puglia,4,63.0
puglia,Puglia,Motta Montecorvino,4,61.0
puglia,Puglia,Stornara,4,72.0
puglia,Puglia,Castelluccio Valmaggiore,4,73.0
puglia,Puglia,Cellamare,4,211.0
puglia,Puglia,Erchie,4,175.0
puglia,Puglia,Rocchetta Sant'Antonio,4,122.0
puglia,Puglia,San Marzano di San Giuseppe,4,91.0
puglia,Puglia,Castelnuovo della Daunia,3,86.0
puglia,Puglia,Accadia,3,104.0
puglia,Puglia,Bovino,3,67.0
puglia,Puglia,Faggiano,3,73.0
puglia,Puglia,Monteleone di Puglia,3,79.0
puglia,Puglia,Rignano Garganico,3,70.0
puglia,Puglia,Binetto,2,104.0
puglia,Puglia,Monteparano,2,104.0
puglia,Puglia,Stornarella,2,115.0
puglia,Puglia,Volturino,2,90.0
puglia,Puglia,Alberona,1,103.0
puglia,Puglia,Casalvecchio di Puglia,1,53.0
puglia,Puglia,Castelluccio dei Sauri,1,91.0
puglia,Puglia,San Marco la Catola,1,56.0
puglia,Puglia,San Paolo di Civitate,1,46.0
rome,Roma,I Centro Storico,17564,200.0
rome,Roma,VII San Giovanni/Cinecittà,2914,132.0
rome,Roma,XIII Aurelia,2440,153.0
rome,Roma,II Parioli/Nomentano,2267,149.0
rome,Roma,XII Monte Verde,1843,140.0
rome,Roma,V Prenestino/Centocelle,1599,109.0
rome,Roma,VIII Appia Antica,1081,128.0
rome,Roma,X Ostia/Acilia,903,129.0
rome,Roma,XIV Monte Mario,728,128.0
rome,Roma,XI Arvalia/Portuense,684,122.0
rome,Roma,IV Tiburtina,583,114.0
rome,Roma,III Monte Sacro,531,120.0
rome,Roma,XV Cassia/Flaminia,525,135.0
rome,Roma,IX Eur,364,123.0
rome,Roma,VI Roma delle Torri,298,103.0
sicily,Sicilia,Palermo,7279,114.0
sicily,Sicilia,Catania,4367,96.0
sicily,Sicilia,Siracusa,3410,134.0
sicily,Sicilia,Noto,1620,160.0
sicily,Sicilia,Castellammare del Golfo,1568,152.0
sicily,Sicilia,San Vito Lo Capo,1285,179.0
sicily,Sicilia,Taormina,1225,199.0
sicily,Sicilia,Ragusa,1223,142.0
sicily,Sicilia,Trapani,1157,110.0
sicily,Sicilia,Lipari,1113,159.0
sicily,Sicilia,Marsala,1093,109.0
sicily,Sicilia,Agrigento,1047,92.0
sicily,Sicilia,Avola,912,137.0
sicily,Sicilia,Cefal,907,188.0
sicily,Sicilia,Giardini-Naxos,801,139.0
sicily,Sicilia,Modica,731,125.0
sicily,Sicilia,Scicli,716,156.0
sicily,Sicilia,Favignana,603,197.0
sicily,Sicilia,Sciacca,567,116.0
sicily,Sicilia,Pachino,564,145.0
sicily,Sicilia,Acireale,519,130.0
sicily,Sicilia,Pantelleria,506,184.0
sicily,Sicilia,Alcamo,485,152.0
sicily,Sicilia,Messina,442,99.0
sicily,Sicilia,Ispica,432,200.0
sicily,Sicilia,Mascali,425,124.0
sicily,Sicilia,Augusta,412,149.0
sicily,Sicilia,Milazzo,398,120.0
sicily,Sicilia,Terrasini,365,128.0
sicily,Sicilia,Lampedusa e Linosa,354,168.0
sicily,Sicilia,Carini,351,137.0
sicily,Sicilia,Capo d'Orlando,328,165.0
sicily,Sicilia,Mazara del Vallo,317,110.0
sicily,Sicilia,Santa Flavia,303,137.0
sicily,Sicilia,Campofelice di Roccella,299,167.0
sicily,Sicilia,Pozzallo,287,149.0
sicily,Sicilia,Castelvetrano,285,152.0
sicily,Sicilia,Aci Castello,284,121.0
sicily,Sicilia,Balestrate,273,137.0
sicily,Sicilia,Erice,269,114.0
sicily,Sicilia,Custonaci,249,134.0
sicily,Sicilia,Menfi,245,177.0
sicily,Sicilia,Letojanni,239,141.0
sicily,Sicilia,Cinisi,235,120.0
sicily,Sicilia,Santa Croce Camerina,222,161.0
sicily,Sicilia,Realmonte,205,116.0
sicily,Sicilia,Isola delle Femmine,204,116.0
sicily,Sicilia,Bagheria,204,103.0
sicily,Sicilia,Porto Empedocle,201,106.0
sicily,Sicilia,Partinico,194,192.0
sicily,Sicilia,Valderice,184,126.0
sicily,Sicilia,Giarre,183,139.0
sicily,Sicilia,Riposto,179,124.0
sicily,Sicilia,Caltagirone,167,86.0
sicily,Sicilia,Portopalo di Capo Passero,153,136.0
sicily,Sicilia,Gela,152,102.0
sicily,Sicilia,Monreale,145,110.0
sicily,Sicilia,Gioiosa Marea,141,123.0
sicily,Sicilia,Trappeto,139,135.0
sicily,Sicilia,Trabia,138,131.0
sicily,Sicilia,Altavilla Milicia,138,182.0
sicily,Sicilia,Vittoria,138,114.0
sicily,Sicilia,Patti,136,124.0
sicily,Sicilia,Malfa,135,189.0
sicily,Sicilia,Licata,133,88.0
sicily,Sicilia,Piazza Armerina,126,76.0
sicily,Sicilia,Trecastagni,126,142.0
sicily,Sicilia,Lascari,120,139.0
sicily,Sicilia,Capaci,111,126.0
sicily,Sicilia,Nicolosi,110,103.0
sicily,Sicilia,Zafferana Etnea,108,113.0
sicily,Sicilia,Castelbuono,106,87.0
sicily,Sicilia,Ustica,105,156.0
sicily,Sicilia,Santa Marina Salina,103,221.0
sicily,Sicilia,Palazzolo Acreide,99,111.0
sicily,Sicilia,Piedimonte Etneo,98,138.0
sicily,Sicilia,Mascalucia,98,140.0
sicily,Sicilia,Santa Teresa di Riva,94,119.0
sicily,Sicilia,Termini Imerese,92,116.0
sicily,Sicilia,Enna,92,68.0
sicily,Sicilia,Sant'Alessio Siculo,90,122.0
sicily,Sicilia,Calatabiano,90,128.0
sicily,Sicilia,Favara,90,81.0
sicily,Sicilia,Palma di Montechiaro,89,104.0
sicily,Sicilia,Linguaglossa,88,102.0
sicily,Sicilia,Fiumefreddo di Sicilia,88,110.0
sicily,Sicilia,Castelmola,87,135.0
sicily,Sicilia,Siculiana,86,118.0
sicily,Sicilia,Casteldaccia,85,127.0
sicily,Sicilia,Furnari,85,135.0
sicily,Sicilia,Pollina,84,127.0
sicily,Sicilia,Rosolini,81,114.0
sicily,Sicilia,Sant'Agata di Militello,78,106.0
sicily,Sicilia,Chiaramonte Gulfi,78,138.0
sicily,Sicilia,Ribera,76,143.0
sicily,Sicilia,Piraino,72,135.0
sicily,Sicilia,Castiglione di Sicilia,72,96.0
sicily,Sicilia,Caltanissetta,71,68.0
sicily,Sicilia,Santo Stefano di Camastra,68,80.0
sicily,Sicilia,Santa Venerina,67,174.0
sicily,Sicilia,Collesano,67,150.0
sicily,Sicilia,Viagrande,66,164.0
sicily,Sicilia,Belpasso,64,101.0
sicily,Sicilia,Paceco,64,99.0
sicily,Sicilia,Oliveri,63,121.0
sicily,Sicilia,Sambuca di Sicilia,61,80.0
sicily,Sicilia,Pedara,61,106.0
sicily,Sicilia,Tusa,59,118.0
sicily,Sicilia,Salemi,59,99.0
sicily,Sicilia,Ragalna,59,116.0
sicily,Sicilia,Petrosino,58,100.0
sicily,Sicilia,Randazzo,56,102.0
sicily,Sicilia,Caronia,56,115.0
sicily,Sicilia,Misterbianco,56,103.0
sicily,Sicilia,Roccalumera,55,110.0
sicily,Sicilia,Aci Catena,54,104.0
sicily,Sicilia,Floridia,54,148.0
sicily,Sicilia,Comiso,54,84.0
sicily,Sicilia,Canicatt,52,58.0
sicily,Sicilia,Solarino,52,118.0
sicily,Sicilia,Campobello di Mazara,52,150.0
sicily,Sicilia,Calatafimi-Segesta,49,80.0
sicily,Sicilia,Barcellona Pozzo di Gotto,49,80.0
sicily,Sicilia,Motta Camastra,49,125.0
sicily,Sicilia,Leni,48,139.0
sicily,Sicilia,Acquedolci,48,168.0
sicily,Sicilia,Milo,47,103.0
sicily,Sicilia,Aci Sant'Antonio,47,131.0
sicily,Sicilia,Buseto Palizzolo,46,214.0
sicily,Sicilia,Polizzi Generosa,46,126.0
sicily,Sicilia,Forza d'Agr,46,104.0
sicily,Sicilia,Terme Vigliatore,45,175.0
sicily,Sicilia,Carlentini,45,150.0
sicily,Sicilia,Mazzarino,44,106.0
sicily,Sicilia,Montallegro,41,160.0
sicily,Sicilia,Cattolica Eraclea,41,143.0
sicily,Sicilia,Caccamo,40,82.0
sicily,Sicilia,Sant'Alfio,40,125.0
sicily,Sicilia,Partanna,40,92.0
sicily,Sicilia,Naso,40,134.0
sicily,Sicilia,Torrenova,38,111.0
sicily,Sicilia,Gangi,37,68.0
sicily,Sicilia,Falcone,36,115.0
sicily,Sicilia,Butera,35,82.0
sicily,Sicilia,Ficarra,35,189.0
sicily,Sicilia,San Gregorio di Catania,34,122.0
sicily,Sicilia,Bronte,34,102.0
sicily,Sicilia,Racalmuto,33,160.0
sicily,Sicilia,Francavilla di Sicilia,33,80.0
sicily,Sicilia,Patern,33,95.0
sicily,Sicilia,Savoca,32,122.0
sicily,Sicilia,Agira,32,86.0
sicily,Sicilia,San Marco d'Alunzio,32,89.0
sicily,Sicilia,Adrano,32,80.0
sicily,Sicilia,Melilli,30,109.0
sicily,Sicilia,Ficarazzi,30,130.0
sicily,Sicilia,San Cataldo,30,64.0
sicily,Sicilia,Santa Maria di Licodia,29,125.0
sicily,Sicilia,Naro,29,68.0
sicily,Sicilia,Spadafora,29,103.0
sicily,Sicilia,Gaggi,28,139.0
sicily,Sicilia,Caltabellotta,28,88.0
sicily,Sicilia,Sortino,28,68.0
sicily,Sicilia,Aragona,28,108.0
sicily,Sicilia,Canicattini Bagni,28,92.0
sicily,Sicilia,Brolo,27,101.0
sicily,Sicilia,Lentini,27,92.0
sicily,Sicilia,Torretta,26,128.0
sicily,Sicilia,San Giovanni la Punta,26,106.0
sicily,Sicilia,Reitano,26,131.0
sicily,Sicilia,Gratteri,26,163.0
sicily,Sicilia,Petralia Sottana,26,123.0
sicily,Sicilia,Nizza di Sicilia,24,112.0
sicily,Sicilia,Corleone,24,62.0
sicily,Sicilia,Furci Siculo,23,135.0
sicily,Sicilia,Torregrotta,23,185.0
sicily,Sicilia,Pietraperzia,23,134.0
sicily,Sicilia,Campobello di Licata,23,82.0
sicily,Sicilia,Nicosia,23,78.0
sicily,Sicilia,Grammichele,22,58.0
sicily,Sicilia,Graniti,22,82.0
sicily,Sicilia,Mussomeli,22,90.0
sicily,Sicilia,Cammarata,22,76.0
sicily,Sicilia,Capri Leone,21,92.0
sicily,Sicilia,Rometta,21,97.0
sicily,Sicilia,Petralia Soprana,20,86.0
sicily,Sicilia,Gravina di Catania,20,64.0
sicily,Sicilia,Valverde,19,106.0
sicily,Sicilia,Borgetto,19,214.0
sicily,Sicilia,Biancavilla,19,88.0
sicily,Sicilia,Sant'Angelo di Brolo,19,80.0
sicily,Sicilia,Tremestieri Etneo,19,160.0
sicily,Sicilia,Montalbano Elicona,18,81.0
sicily,Sicilia,Castronovo di Sicilia,18,56.0
sicily,Sicilia,Niscemi,17,82.0
sicily,Sicilia,Mistretta,17,82.0
sicily,Sicilia,Joppolo Giancaxio,17,76.0
sicily,Sicilia,Villafranca Tirrena,17,103.0
sicily,Sicilia,San Filippo del Mela,16,84.0
sicily,Sicilia,Venetico,16,92.0
sicily,Sicilia,San Giovanni Gemini,16,53.0
sicily,Sicilia,Rod Milici,15,111.0
sicily,Sicilia,Isnello,15,134.0
sicily,Sicilia,Aidone,15,149.0
sicily,Sicilia,Leonforte,15,82.0
sicily,Sicilia,San Mauro Castelverde,14,59.0
sicily,Sicilia,Giarratana,14,270.0
sicily,Sicilia,Mirabella Imbaccari,14,86.0
sicily,Sicilia,Maletto,14,126.0
sicily,Sicilia,Santa Margherita di Belice,14,94.0
sicily,Sicilia,Acate,13,64.0
sicily,Sicilia,Monforte San Giorgio,13,88.0
sicily,Sicilia,Aci Bonaccorsi,13,84.0
sicily,Sicilia,Sant'Agata li Battiati,13,135.0
sicily,Sicilia,Alia,12,159.0
sicily,Sicilia,Pettineo,12,127.0
sicily,Sicilia,Acquaviva Platani,12,45.0
sicily,Sicilia,Santa Ninfa,12,78.0
sicily,Sicilia,San Pietro Clarenza,12,202.0
sicily,Sicilia,Prizzi,12,69.0
sicily,Sicilia,Barrafranca,12,102.0
sicily,Sicilia,Misilmeri,11,114.0
sicily,Sicilia,Grotte,11,58.0
sicily,Sicilia,Santa Elisabetta,11,97.0
sicily,Sicilia,Gallodoro,11,75.0
sicily,Sicilia,Ravanusa,11,88.0
sicily,Sicilia,Castellana Sicula,11,104.0
sicily,Sicilia,Motta Sant'Anastasia,10,73.0
sicily,Sicilia,Mirto,10,102.0
sicily,Sicilia,Gibellina,10,75.0
sicily,Sicilia,Scillato,10,63.0
sicily,Sicilia,Santa Cristina Gela,10,135.0
sicily,Sicilia,Montelepre,10,74.0
sicily,Sicilia,Al Terme,10,110.0
sicily,Sicilia,Motta d'Affermo,10,196.0
sicily,Sicilia,Pace del Mela,10,95.0
sicily,Sicilia,Bompietro,10,94.0
sicily,Sicilia,Villabate,9,76.0
sicily,Sicilia,Santo Stefano Quisquina,9,69.0
sicily,Sicilia,Ferla,9,109.0
sicily,Sicilia,Cianciana,9,100.0
sicily,Sicilia,San Piero Patti,9,112.0
sicily,Sicilia,Geraci Siculo,9,55.0
sicily,Sicilia,Sommatino,9,82.0
sicily,Sicilia,Buscemi,9,104.0
sicily,Sicilia,Malvagna,9,91.0
sicily,Sicilia,Sperlinga,9,53.0
sicily,Sicilia,San Giuseppe Jato,9,90.0
sicily,Sicilia,Antillo,9,76.0
sicily,Sicilia,Castroreale,8,103.0
sicily,Sicilia,Monterosso Almo,8,138.0
sicily,Sicilia,Novara di Sicilia,8,82.0
sicily,Sicilia,Valguarnera Caropepe,8,92.0
sicily,Sicilia,Castrofilippo,8,63.0
sicily,Sicilia,Poggioreale,8,68.0
sicily,Sicilia,Assoro,8,86.0
sicily,Sicilia,Mineo,8,80.0
sicily,Sicilia,Ramacca,8,153.0
sicily,Sicilia,Santa Caterina Villarmosa,8,64.0
sicily,Sicilia,Centuripe,7,133.0
sicily,Sicilia,San Michele di Ganzaria,7,148.0
sicily,Sicilia,Montevago,7,198.0
sicily,Sicilia,Cerami,7,77.0
sicily,Sicilia,Vita,7,58.0
sicily,Sicilia,Scaletta Zanclea,7,130.0
sicily,Sicilia,Catenanuova,7,80.0
sicily,Sicilia,Cassaro,7,81.0
sicily,Sicilia,Marineo,7,75.0
sicily,Sicilia,Roccavaldina,7,152.0
sicily,Sicilia,Campofiorito,6,103.0
sicily,Sicilia,Lercara Friddi,6,115.0
sicily,Sicilia,Roccapalumba,6,105.0
sicily,Sicilia,Longi,6,53.0
sicily,Sicilia,Bolognetta,6,79.0
sicily,Sicilia,Buccheri,6,77.0
sicily,Sicilia,Valdina,6,127.0
sicily,Sicilia,Tripi,6,74.0
sicily,Sicilia,Pagliara,6,52.0
sicily,Sicilia,Condr,6,79.0
sicily,Sicilia,Calamonaci,6,49.0
sicily,Sicilia,Caltavuturo,6,65.0
sicily,Sicilia,San Pier Niceto,6,125.0
sicily,Sicilia,Tortorici,6,100.0
sicily,Sicilia,Sinagra,6,77.0
sicily,Sicilia,Militello in Val di Catania,6,85.0
sicily,Sicilia,San Fratello,6,80.0
sicily,Sicilia,Ucria,6,106.0
sicily,Sicilia,Librizzi,5,185.0
sicily,Sicilia,Palazzo Adriano,5,68.0
sicily,Sicilia,Galati Mamertino,5,68.0
sicily,Sicilia,Contessa Entellina,5,121.0
sicily,Sicilia,Ciminna,5,177.0
sicily,Sicilia,Licodia Eubea,5,73.0
sicily,Sicilia,Scordia,5,46.0
sicily,Sicilia,Serradifalco,5,91.0
sicily,Sicilia,Alcara li Fusi,5,50.0
sicily,Sicilia,Priolo Gargallo,5,94.0
sicily,Sicilia,Regalbuto,5,90.0
sicily,Sicilia,Delia,5,55.0
sicily,Sicilia,Saponara,5,110.0
sicily,Sicilia,Itala,5,87.0
sicily,Sicilia,Bivona,5,29.0
sicily,Sicilia,Piana degli Albanesi,5,71.0
sicily,Sicilia,Fiumedinisi,5,59.0
sicily,Sicilia,Giuliana,5,160.0
sicily,Sicilia,Riesi,4,69.0
sicily,Sicilia,Salaparuta,4,50.0
sicily,Sicilia,Calascibetta,4,76.0
sicily,Sicilia,Altofonte,4,124.0
sicily,Sicilia,Villarosa,4,51.0
sicily,Sicilia,Campofranco,4,58.0
sicily,Sicilia,Santa Lucia del Mela,4,145.0
sicily,Sicilia,Bisacquino,4,140.0
sicily,Sicilia,Nissoria,4,45.0
sicily,Sicilia,Militello Rosmarino,4,92.0
sicily,Sicilia,Raffadali,4,96.0
sicily,Sicilia,Valledolmo,4,69.0
sicily,Sicilia,Troina,4,42.0
sicily,Sicilia,Cerda,4,55.0
sicily,Sicilia,Montagnareale,3,125.0
sicily,Sicilia,Casalvecchio Siculo,3,266.0
sicily,Sicilia,Camastra,3,137.0
sicily,Sicilia,Castell'Umberto,3,85.0
sicily,Sicilia,Roccamena,3,82.0
sicily,Sicilia,Milena,3,29.0
sicily,Sicilia,Capizzi,3,72.0
sicily,Sicilia,Vizzini,3,143.0
sicily,Sicilia,Chiusa Sclafani,3,516.0
sicily,Sicilia,Raccuja,3,82.0
sicily,Sicilia,Comitini,3,75.0
sicily,Sicilia,San Cono,3,117.0
sicily,Sicilia,Castel di Iudica,3,55.0
sicily,Sicilia,Cesar,3,129.0
sicily,Sicilia,Sclafani Bagni,3,113.0
sicily,Sicilia,San Cipirello,3,149.0
sicily,Sicilia,Burgio,2,78.0
sicily,Sicilia,Alimena,2,97.0
sicily,Sicilia,Francofonte,2,302.0
sicily,Sicilia,Castel di Lucio,2,526.0
sicily,Sicilia,Al,2,116.0
sicily,Sicilia,Godrano,2,70.0
sicily,Sicilia,San Salvatore di Fitalia,2,99.0
sicily,Sicilia,Casteltermini,2,80.0
sicily,Sicilia,Roccella Valdemone,2,97.0
sicily,Sicilia,Palagonia,2,73.0
sicily,Sicilia,Maniace,2,96.0
sicily,Sicilia,Gualtieri Sicamin,1,64.0
sicily,Sicilia,Sutera,1,87.0
sicily,Sicilia,Resuttano,1,65.0
sicily,Sicilia,Floresta,1,75.0
sicily,Sicilia,San Biagio Platani,1,201.0
sicily,Sicilia,Giardinello,1,180.0
sicily,Sicilia,Mezzojuso,1,137.0
sicily,Sicilia,Ventimiglia di Sicilia,1,571.0
sicily,Sicilia,Mongiuffi Melia,1,117.0
sicily,Sicilia,Sciara,1,70.0
sicily,Sicilia,Montemaggiore Belsito,1,44.0
sicily,Sicilia,Villafranca Sicula,1,39.0
sicily,Sicilia,Basic,1,50.0
sicily,Sicilia,Santa Domenica Vittoria,1,79.0
sicily,Sicilia,Gagliano Castelferrato,1,92.0
sicily,Sicilia,Bompensiere,1,2425.0
sicily,Sicilia,Sant'Angelo Muxaro,1,43.0
sicily,Sicilia,Camporeale,1,76.0
sicily,Sicilia,Marianopoli,1,46.0
sicily,Sicilia,Montedoro,1,79.0
sicily,Sicilia,Mer,1,74.0
sicily,Sicilia,Villafrati,1,75.0
sicily,Sicilia,Limina,1,91.0
sicily,Sicilia,Belmonte Mezzagno,1,72.0
sicily,Sicilia,Blufi,1,98.0
sicily,Sicilia,Vallelunga Pratameno,1,52.0
trentino,Trentino-Alto Adige,Trentino,7717,168.0
trentino,Trentino-Alto Adige,"Trento, Trentino",572,130.0
venice,Venezia,Castello,1492,222.0
venice,Venezia,Cannaregio,1438,217.0
venice,Venezia,San Marco,904,283.0
venice,Venezia,Piave 1860,883,98.0
venice,Venezia,Dorsoduro,602,258.0
venice,Venezia,San Polo,592,250.0
venice,Venezia,Santa Croce,571,228.0
venice,Venezia,Lido,303,225.0
venice,Venezia,San Lorenzo XXV Aprile,219,132.0
venice,Venezia,Marghera,182,114.0
venice,Venezia,Giudecca,150,209.0
venice,Venezia,Murano,95,183.0
venice,Venezia,Carpenedo,78,118.0
venice,Venezia,Favaro,55,108.0
venice,Venezia,Bissuola,49,140.0
venice,Venezia,Sant'Elena,48,192.0
venice,Venezia,Burano,38,171.0
venice,Venezia,Pellestrina,38,160.0
venice,Venezia,Tessera,38,142.0
venice,Venezia,Alberoni,33,137.0
venice,Venezia,Marghera Catene,33,101.0
venice,Venezia,Zona Commerciale via Torino,33,164.0
venice,Venezia,Santa Barbara,32,119.0
venice,Venezia,Villaggio San Marco,30,164.0
venice,Venezia,Altobello,29,134.0
venice,Venezia,Campalto,19,137.0
venice,Venezia,Chirignago,17,103.0
venice,Venezia,Malcontenta,15,86.0
venice,Venezia,Cipressina,14,116.0
venice,Venezia,Zelarino,13,109.0
venice,Venezia,Gazzera,12,128.0
venice,Venezia,Marghera Zona Industriale,12,113.0
venice,Venezia,Aeroporto,11,141.0
venice,Venezia,Malamocco,11,208.0
venice,Venezia,Campalto Gobbi,10,96.0
venice,Venezia,La Favorita,10,127.0
venice,Venezia,San Pietro in Volta,9,145.0
venice,Venezia,Campalto CEP,7,38.0
venice,Venezia,Campalto Bagaron,7,114.0
venice,Venezia,Ca' Emiliani,6,78.0
venice,Venezia,Marocco Terraglio,6,216.0
venice,Venezia,Sant'Erasmo,5,95.0
venice,Venezia,Villaggio Sartori,4,109.0
venice,Venezia,Giustizia,4,95.0
venice,Venezia,Tronchetto,3,571.0
venice,Venezia,Sacca Fisola,2,193.0
venice,Venezia,Vignole,2,287.0
venice,Venezia,Quartiere Pertini,2,133.0
venice,Venezia,Torcello,1,304.0
venice,Venezia,Pra' Secco,1,111.0
venice,Venezia,Mazzorbetto,1,115.0
venice,Venezia,Molino Ronchin,1,85.0
venice,Venezia,Ca' Sabbioni,1,126.0
venice,Venezia,Mazzorbo,1,175.0
venice,Venezia,Torre Antica,1,86.0
venice,Venezia,Gatta - Bondu?,1,60.0
venice,Venezia,Dese,1,773.0
venice,Venezia,Favaro Cimitero,1,170.0
venice,Venezia,Isola San Giorgio,1,580.0
venice,Venezia,Ca' Brentelle,0,
